0.4255368113517761,0.635104775428772,0.35078519582748413,0.4946168065071106,0.39664071798324585
0.2834396958351135,0.2625485956668854,0.20227482914924622,0.3477194309234619,0.2880200743675232
0.4090721607208252,0.5492054224014282,0.34270673990249634,0.47993963956832886,0.37987059354782104
0.2312406599521637,0.10411977022886276,0.15802346169948578,0.2896553874015808,0.25649648904800415
0.3914353549480438,0.4889858067035675,0.32324719429016113,0.46755126118659973,0.36905670166015625
0.21057924628257751,0.025978827849030495,0.14588674902915955,0.2604106068611145,0.2351011037826538
0.378945916891098,0.45387744903564453,0.30632883310317993,0.45469942688941956,0.3574247360229492
0.19920867681503296,-0.011651355773210526,0.1341625303030014,0.24436473846435547,0.2277202308177948
0.3713894486427307,0.43068134784698486,0.2971072196960449,0.44751739501953125,0.3540305197238922
0.19747216999530792,-0.036380454897880554,0.12873075902462006,0.2350941002368927,0.2206021100282669
0.3637605905532837,0.41506466269493103,0.29142507910728455,0.442130446434021,0.3472348749637604
0.19460418820381165,-0.05255838483572006,0.1261628270149231,0.22794365882873535,0.22217285633087158
0.35883596539497375,0.4032083749771118,0.28777021169662476,0.4397658407688141,0.34185680747032166
0.1968109905719757,-0.06229900196194649,0.12216775864362717,0.22667478024959564,0.2224278599023819
0.35581642389297485,0.39577415585517883,0.2843591570854187,0.4357767403125763,0.3386704921722412
0.19524189829826355,-0.07042815536260605,0.1170862466096878,0.2246396690607071,0.2201026827096939
0.350882351398468,0.38725680112838745,0.2812134325504303,0.433040052652359,0.3382808566093445
0.1960497945547104,-0.08108122646808624,0.11680953204631805,0.2235671877861023,0.21747787296772003
0.34845754504203796,0.3806968927383423,0.2777113616466522,0.43172991275787354,0.3390592038631439
0.19458602368831635,-0.0877826064825058,0.10935041308403015,0.21805153787136078,0.2144559770822525
0.3475770056247711,0.3771199584007263,0.2783229351043701,0.43204617500305176,0.33820128440856934
0.1939186453819275,-0.0913437157869339,0.10845593363046646,0.21838214993476868,0.21324560046195984
0.3465706706047058,0.37416356801986694,0.2763415575027466,0.43108129501342773,0.3367703855037689
0.19054187834262848,-0.0976317897439003,0.10690668970346451,0.21657580137252808,0.2115458995103836
0.3445829153060913,0.3708277940750122,0.27502962946891785,0.43070048093795776,0.33584028482437134
0.1926875114440918,-0.09816683083772659,0.10559095442295074,0.2180127054452896,0.21249401569366455
0.34438273310661316,0.3677551746368408,0.27340924739837646,0.43000417947769165,0.33594608306884766
0.18822318315505981,-0.102023184299469,0.10419075191020966,0.21512283384799957,0.2128930538892746
0.34433579444885254,0.3653258979320526,0.2733204960823059,0.43008917570114136,0.33345383405685425
0.18742351233959198,-0.10602611303329468,0.10399015992879868,0.21347716450691223,0.21248671412467957
0.34178873896598816,0.36203455924987793,0.27232906222343445,0.4280744791030884,0.33604034781455994
0.18600431084632874,-0.10441862046718597,0.10442093014717102,0.21583698689937592,0.21510712802410126
0.3418982923030853,0.3602428138256073,0.272711843252182,0.4274606704711914,0.33564913272857666
0.18582463264465332,-0.1078517735004425,0.1038150042295456,0.2136671543121338,0.210997074842453
0.342046320438385,0.359158992767334,0.27241250872612,0.4277227818965912,0.33468931913375854
0.18596673011779785,-0.10864455997943878,0.10450176894664764,0.2148640751838684,0.20975930988788605
0.3416074216365814,0.3565661907196045,0.27238237857818604,0.4273521900177002,0.3365475535392761
0.18517476320266724,-0.11144423484802246,0.10463718324899673,0.21300369501113892,0.2134230136871338
0.340496689081192,0.3548813462257385,0.27030321955680847,0.42691996693611145,0.3333030939102173
0.18254876136779785,-0.11276500672101974,0.10496169328689575,0.21280191838741302,0.2110653817653656
0.3410157561302185,0.3536631464958191,0.2698521614074707,0.4257412254810333,0.3336679935455322
0.18234990537166595,-0.11268540471792221,0.10697784274816513,0.21231988072395325,0.21346887946128845
0.3399883210659027,0.3514203429222107,0.2688262462615967,0.4252695143222809,0.3347073793411255
0.18262554705142975,-0.11320286989212036,0.10457862168550491,0.20998415350914001,0.21186599135398865
0.3392868638038635,0.35070741176605225,0.2683410048484802,0.42585813999176025,0.3341803550720215
0.18243101239204407,-0.1144549548625946,0.10473725944757462,0.21043583750724792,0.21262037754058838
0.3398096263408661,0.3499279320240021,0.2701743245124817,0.42505893111228943,0.33386683464050293
0.18446892499923706,-0.1139030009508133,0.10533927381038666,0.21214190125465393,0.21452423930168152
0.33929547667503357,0.34797173738479614,0.2685980796813965,0.42450815439224243,0.3352195620536804
0.18134936690330505,-0.11591482162475586,0.10322412103414536,0.2084614336490631,0.21186015009880066
0.34103649854660034,0.3475094437599182,0.26946496963500977,0.42508870363235474,0.33409714698791504
0.18233194947242737,-0.11593596637248993,0.1028822511434555,0.20672239363193512,0.21421928703784943
0.33925434947013855,0.346474826335907,0.2681218385696411,0.42311784625053406,0.3329382538795471
0.18322108685970306,-0.11616304516792297,0.10353849083185196,0.21139229834079742,0.21348807215690613
0.3403531312942505,0.34541594982147217,0.26804178953170776,0.42372849583625793,0.33354517817497253
0.18093276023864746,-0.11617452651262283,0.10207372903823853,0.2076321542263031,0.21101833879947662
0.3401944637298584,0.344552606344223,0.2682541608810425,0.42326033115386963,0.3339644968509674
0.18320631980895996,-0.11546257138252258,0.10583249479532242,0.2089502513408661,0.21363884210586548
0.33918753266334534,0.3438146710395813,0.2679632902145386,0.42371809482574463,0.33349835872650146
0.18261608481407166,-0.11585544049739838,0.10421323776245117,0.20853424072265625,0.21348479390144348
0.3396064043045044,0.3428024649620056,0.26816606521606445,0.4234524965286255,0.33384451270103455
0.1840994656085968,-0.11730765551328659,0.10561661422252655,0.2085626721382141,0.21378687024116516
0.33920300006866455,0.3417370915412903,0.2682521641254425,0.4215996265411377,0.33222851157188416
0.18335731327533722,-0.11657960712909698,0.10451844334602356,0.20910854637622833,0.21366429328918457
0.33869653940200806,0.34057092666625977,0.266939640045166,0.4222911596298218,0.33344489336013794
0.18410930037498474,-0.11604685336351395,0.10449142754077911,0.20895007252693176,0.21592146158218384
0.3383217453956604,0.3402664065361023,0.2669917047023773,0.42215895652770996,0.3336227536201477
0.18280696868896484,-0.11749204993247986,0.10347585380077362,0.20843473076820374,0.21416449546813965
0.336947500705719,0.3384701609611511,0.265153706073761,0.42131567001342773,0.3328837752342224
0.1820322871208191,-0.11887127161026001,0.10328105092048645,0.2094080150127411,0.2143731266260147
0.3373759686946869,0.33738553524017334,0.2660220265388489,0.42036688327789307,0.3326975107192993
0.18221865594387054,-0.11841154098510742,0.10425779223442078,0.21113157272338867,0.21596777439117432
0.33473914861679077,0.3367266058921814,0.2647680640220642,0.42006534337997437,0.3325199484825134
0.1811978816986084,-0.11799979209899902,0.10267405956983566,0.21171525120735168,0.2133719027042389
0.33572879433631897,0.33739668130874634,0.2653929591178894,0.4210045635700226,0.3320407271385193
0.1807112693786621,-0.11848066747188568,0.10506980866193771,0.21070866286754608,0.2124326229095459
0.3344099521636963,0.33514881134033203,0.26402124762535095,0.4203717112541199,0.3332771062850952
0.18133801221847534,-0.11996399611234665,0.10456402599811554,0.21022039651870728,0.2151660919189453
0.33495938777923584,0.33539682626724243,0.2643342912197113,0.42084991931915283,0.33498793840408325
0.1819286048412323,-0.12010782957077026,0.10318487882614136,0.21095581352710724,0.2144327312707901
0.334526002407074,0.3341459631919861,0.26438581943511963,0.42080265283584595,0.3341359794139862
0.18075330555438995,-0.12082067131996155,0.10270261019468307,0.2127898633480072,0.21277238428592682
0.3346940279006958,0.3348574936389923,0.2651650607585907,0.4209936857223511,0.33445507287979126
0.18032601475715637,-0.12086713314056396,0.10135148465633392,0.20904725790023804,0.2122347354888916
0.3340977430343628,0.3341991901397705,0.2632158398628235,0.4204521179199219,0.3344343900680542
0.18100500106811523,-0.12047433108091354,0.10135028511285782,0.2097780406475067,0.2134620100259781
0.33439356088638306,0.33380791544914246,0.2644244432449341,0.41956818103790283,0.3340380787849426
0.1809701770544052,-0.12173564732074738,0.10239885747432709,0.2097785919904709,0.21322746574878693
0.33459627628326416,0.33337604999542236,0.2636427879333496,0.41965776681900024,0.33451390266418457
0.18009772896766663,-0.122003473341465,0.10147640109062195,0.2092699110507965,0.21200969815254211
0.3335931897163391,0.3323497772216797,0.2615376114845276,0.419211208820343,0.3333328366279602
0.1803390234708786,-0.12175749242305756,0.10317827761173248,0.20872953534126282,0.2127893567085266
0.3345540463924408,0.33226478099823,0.26310378313064575,0.42059430480003357,0.33412274718284607
0.18252694606781006,-0.12206457555294037,0.10446113348007202,0.2113814502954483,0.21360400319099426
0.33366090059280396,0.3327643871307373,0.2648480534553528,0.42061516642570496,0.33304405212402344
0.18191498517990112,-0.12260133773088455,0.10283944755792618,0.21041254699230194,0.21470026671886444
0.33370232582092285,0.3318101763725281,0.2628439664840698,0.42062997817993164,0.3321038484573364
0.18242700397968292,-0.12341266870498657,0.1025238037109375,0.21213707327842712,0.21225634217262268
0.33380910754203796,0.33128178119659424,0.26214367151260376,0.41942358016967773,0.3318761885166168
0.18203535676002502,-0.12317977100610733,0.10389506816864014,0.21038994193077087,0.2136479914188385
0.33381187915802,0.33090123534202576,0.26177042722702026,0.41900768876075745,0.33191147446632385
0.18031533062458038,-0.12417779117822647,0.10348605364561081,0.2080531120300293,0.21284639835357666
0.3332065939903259,0.3311920464038849,0.2622399628162384,0.4199911952018738,0.3323669135570526
0.1821337640285492,-0.12438172847032547,0.10379482805728912,0.21102973818778992,0.21339145302772522
0.33353570103645325,0.3313624858856201,0.2633313536643982,0.4204310178756714,0.33185893297195435
0.18262550234794617,-0.12324116379022598,0.10413401573896408,0.21257084608078003,0.21353423595428467
0.3341347873210907,0.33035266399383545,0.2632884383201599,0.4195137619972229,0.3319261074066162
0.18036526441574097,-0.12481003254652023,0.10377688705921173,0.21034583449363708,0.21163688600063324
0.33269360661506653,0.3299609124660492,0.2622227072715759,0.41909340023994446,0.3319282829761505
0.18071348965168,-0.1254468560218811,0.10330835729837418,0.2103549838066101,0.2136472463607788
0.3325839638710022,0.329885870218277,0.2627442181110382,0.4199734032154083,0.33100253343582153
0.18185201287269592,-0.12493763864040375,0.10424180328845978,0.2117392122745514,0.21288520097732544
0.33306246995925903,0.3296359181404114,0.2630816102027893,0.41895604133605957,0.33055877685546875
0.18216079473495483,-0.12466250360012054,0.10221736878156662,0.21200214326381683,0.21454384922981262
0.33269912004470825,0.32865625619888306,0.262035071849823,0.419205904006958,0.32974615693092346
0.1825203001499176,-0.12513063848018646,0.10324161499738693,0.2134082019329071,0.21531179547309875
0.33231574296951294,0.3285713195800781,0.2633148729801178,0.4191714823246002,0.3307700753211975
0.18105143308639526,-0.12524543702602386,0.10252930968999863,0.2136819213628769,0.21608541905879974
0.3327607214450836,0.3277004361152649,0.26277437806129456,0.41944974660873413,0.33001017570495605
0.18170392513275146,-0.12634943425655365,0.10422861576080322,0.2136339247226715,0.2158888876438141
0.33197224140167236,0.3277420401573181,0.2619938850402832,0.4190672039985657,0.32986217737197876
0.18196919560432434,-0.12560835480690002,0.10427609086036682,0.2121308147907257,0.21668455004692078
0.33190852403640747,0.3265701234340668,0.26187536120414734,0.4186038374900818,0.3308551609516144
0.1825929880142212,-0.12500062584877014,0.10237930715084076,0.2142854630947113,0.2158532291650772
0.33163782954216003,0.326205313205719,0.26167425513267517,0.4182724356651306,0.33148887753486633
0.1825486123561859,-0.1270548701286316,0.10200369358062744,0.21443259716033936,0.21455948054790497
0.3322807848453522,0.3260439336299896,0.262495219707489,0.417961061000824,0.3304329812526703
0.1808275282382965,-0.12714682519435883,0.10162314772605896,0.2106265425682068,0.2118304967880249
0.3321523070335388,0.3259631395339966,0.26283571124076843,0.41875961422920227,0.3303104341030121
0.1804981529712677,-0.12893851101398468,0.10062967985868454,0.21152852475643158,0.214747354388237
0.3331350088119507,0.3251039981842041,0.26178279519081116,0.4194071590900421,0.3306293487548828
0.1809392273426056,-0.128665491938591,0.10139569640159607,0.2119501829147339,0.21418246626853943
0.3327018618583679,0.3250398635864258,0.2619658410549164,0.4197138249874115,0.3302067220211029
0.17970657348632812,-0.12797613441944122,0.1016930416226387,0.21037444472312927,0.2146487832069397
0.3319876790046692,0.32491230964660645,0.2612597644329071,0.41901522874832153,0.3296624720096588
0.1793733686208725,-0.12844473123550415,0.1018541008234024,0.20934465527534485,0.2129167914390564
0.3324844539165497,0.3239096403121948,0.26138004660606384,0.4190668761730194,0.32920902967453003
0.17904922366142273,-0.12936556339263916,0.10310721397399902,0.20991823077201843,0.21378076076507568
0.33235758543014526,0.32389193773269653,0.2615527808666229,0.41885751485824585,0.3293648660182953
0.1779593527317047,-0.1300865262746811,0.10172547399997711,0.2080996036529541,0.21174117922782898
0.3328261375427246,0.3230832517147064,0.26140105724334717,0.4186820685863495,0.33208146691322327
0.1792190968990326,-0.13011372089385986,0.10081860423088074,0.20855139195919037,0.21138165891170502
0.33222928643226624,0.3237043023109436,0.26062363386154175,0.4184333086013794,0.3305293917655945
0.1797841191291809,-0.13035926222801208,0.10171680897474289,0.20895469188690186,0.21329903602600098
0.33248043060302734,0.32271939516067505,0.26085513830184937,0.4187442660331726,0.329363077878952
0.17955444753170013,-0.13093863427639008,0.10067891329526901,0.20857450366020203,0.2130146324634552
0.3318921625614166,0.3234180212020874,0.2600277066230774,0.41939476132392883,0.3307763934135437
0.18050068616867065,-0.1301901638507843,0.10204718261957169,0.21122989058494568,0.21281343698501587
0.33177441358566284,0.3220280408859253,0.25829994678497314,0.4187961220741272,0.3308471739292145
0.17914700508117676,-0.13218039274215698,0.10026656836271286,0.20906144380569458,0.2076648324728012
0.3327537178993225,0.3217853009700775,0.2599566578865051,0.41956424713134766,0.33236896991729736
0.17918451130390167,-0.13130924105644226,0.10117490589618683,0.21065987646579742,0.2102903425693512
0.33255553245544434,0.32140547037124634,0.2593814730644226,0.41959333419799805,0.3320921063423157
0.17771418392658234,-0.1325543224811554,0.101214200258255,0.20931431651115417,0.21214459836483002
0.3319132626056671,0.32054808735847473,0.2586280107498169,0.41933804750442505,0.33037862181663513
0.17762500047683716,-0.13297224044799805,0.09968627244234085,0.20782920718193054,0.21274515986442566
0.3316761255264282,0.3211652338504791,0.259574830532074,0.41935664415359497,0.3304460048675537
0.17714619636535645,-0.131034255027771,0.09988368302583694,0.2081567794084549,0.21312405169010162
0.33118927478790283,0.3203175663948059,0.2595809996128082,0.4178101122379303,0.3292570114135742
0.17809613049030304,-0.1326386034488678,0.10110144317150116,0.20993219316005707,0.21430698037147522
0.3310818672180176,0.31926023960113525,0.25870147347450256,0.41810673475265503,0.32773083448410034
0.17867887020111084,-0.13238658010959625,0.10064809024333954,0.21236369013786316,0.21574029326438904
0.3310280442237854,0.31935209035873413,0.25978565216064453,0.4183458685874939,0.32819604873657227
0.17757661640644073,-0.13302204012870789,0.10194728523492813,0.20939147472381592,0.21306851506233215
0.33067816495895386,0.3196223974227905,0.2594224214553833,0.41702210903167725,0.3287681043148041
0.1780644655227661,-0.13412974774837494,0.10068212449550629,0.20649385452270508,0.21223391592502594
0.33113527297973633,0.3187165856361389,0.2604075074195862,0.41839680075645447,0.3299008011817932
0.1782100647687912,-0.1352459192276001,0.10018283128738403,0.20795905590057373,0.21412673592567444
0.3298078775405884,0.3188474476337433,0.25925835967063904,0.4174496829509735,0.32915955781936646
0.1798475980758667,-0.13368338346481323,0.1019052267074585,0.20992402732372284,0.21418440341949463
0.32903456687927246,0.3172559142112732,0.2580031752586365,0.41725772619247437,0.32761549949645996
0.1790347397327423,-0.13385429978370667,0.10158424824476242,0.21102650463581085,0.21602779626846313
0.3291817307472229,0.31641316413879395,0.2571941912174225,0.4169025421142578,0.3263399302959442
0.1791347861289978,-0.1328447163105011,0.10023455321788788,0.20919528603553772,0.2126770317554474
0.32992425560951233,0.3180198073387146,0.2582632303237915,0.4177923798561096,0.3294684886932373
0.17795976996421814,-0.1346859633922577,0.1010529175400734,0.20785066485404968,0.2127697467803955
0.3309350609779358,0.3174559473991394,0.2582712769508362,0.4189501404762268,0.32910019159317017
0.176561638712883,-0.13445933163166046,0.10090093314647675,0.20656056702136993,0.21034806966781616
0.32988643646240234,0.31652525067329407,0.25799548625946045,0.4178469479084015,0.3295048773288727
0.17874068021774292,-0.13228708505630493,0.10275296121835709,0.20803824067115784,0.21312794089317322
0.32864707708358765,0.3165219724178314,0.2576183080673218,0.41739779710769653,0.3292447626590729
0.17728866636753082,-0.13385289907455444,0.10159952938556671,0.2057286649942398,0.21026279032230377
0.32923340797424316,0.3160858750343323,0.25797030329704285,0.4179520010948181,0.3310604989528656
0.17812684178352356,-0.13369214534759521,0.10015881806612015,0.2066701501607895,0.21070533990859985
0.32914066314697266,0.3157041370868683,0.2576897144317627,0.4173160791397095,0.329621285200119
0.17858783900737762,-0.13501140475273132,0.10144653171300888,0.2096838653087616,0.211815744638443
0.32901477813720703,0.31554070115089417,0.2573166489601135,0.41636472940444946,0.329450786113739
0.1779291331768036,-0.13323327898979187,0.10334662348031998,0.2071288824081421,0.21197834610939026
0.32800614833831787,0.3154354691505432,0.2564670741558075,0.41810423135757446,0.32754623889923096
0.17723026871681213,-0.13336749374866486,0.10215871036052704,0.20854659378528595,0.21317172050476074
0.32861584424972534,0.3155885934829712,0.25653955340385437,0.4167405366897583,0.32833197712898254
0.17606320977210999,-0.13538089394569397,0.10079264640808105,0.20751163363456726,0.21186313033103943
0.32879677414894104,0.3157859444618225,0.2567037343978882,0.41677170991897583,0.3277021050453186
0.17720836400985718,-0.13458797335624695,0.10209532827138901,0.20614640414714813,0.21376751363277435
0.3284437656402588,0.3152315318584442,0.2562766373157501,0.4160453677177429,0.3298455774784088
0.17643578350543976,-0.13472099602222443,0.1011715978384018,0.20482972264289856,0.21109896898269653
0.328718900680542,0.31503280997276306,0.2559535503387451,0.41676148772239685,0.329914927482605
0.17630763351917267,-0.13427689671516418,0.10116513073444366,0.2054750919342041,0.21342217922210693
0.3282349705696106,0.314487487077713,0.2551155686378479,0.4154045283794403,0.3295433521270752
0.1772042065858841,-0.13609355688095093,0.10004181414842606,0.20468884706497192,0.21147173643112183
0.32803094387054443,0.3140881061553955,0.25564339756965637,0.4162551164627075,0.32790350914001465
0.17550840973854065,-0.13472603261470795,0.10127831995487213,0.20451360940933228,0.20945416390895844
0.32874172925949097,0.314773291349411,0.25620555877685547,0.41722536087036133,0.3287670612335205
0.17756228148937225,-0.13413754105567932,0.10220938920974731,0.2092459499835968,0.21225303411483765
0.3290097713470459,0.3144529163837433,0.25549548864364624,0.4176488518714905,0.3299802541732788
0.17630861699581146,-0.13489338755607605,0.1019652932882309,0.20676463842391968,0.21192815899848938
0.3281581699848175,0.3138877749443054,0.25643688440322876,0.4170665144920349,0.3281773030757904
0.175627201795578,-0.13532957434654236,0.10207807272672653,0.206088125705719,0.21105235815048218
0.3282005190849304,0.3138200640678406,0.25634098052978516,0.41718560457229614,0.3285568952560425
0.1746324598789215,-0.13581207394599915,0.10062231123447418,0.20401029288768768,0.21196965873241425
0.32845738530158997,0.31370145082473755,0.25573742389678955,0.41708171367645264,0.3281577527523041
0.17664197087287903,-0.1357191801071167,0.10320305824279785,0.2060629427433014,0.21222303807735443
0.32813066244125366,0.3140230178833008,0.25687968730926514,0.4168616831302643,0.3286859393119812
0.17344141006469727,-0.13742545247077942,0.10031183063983917,0.20313072204589844,0.21281711757183075
0.3276151418685913,0.3132673501968384,0.2557486295700073,0.41625645756721497,0.32747262716293335
0.1750570833683014,-0.13746142387390137,0.10009504854679108,0.2065618634223938,0.20960018038749695
0.32851892709732056,0.3126595616340637,0.25585126876831055,0.41698023676872253,0.3300668001174927
0.17654314637184143,-0.1370474100112915,0.10230755060911179,0.2069920003414154,0.20954620838165283
0.32907095551490784,0.31333696842193604,0.256364643573761,0.417183518409729,0.32919710874557495
0.17636612057685852,-0.1371792107820511,0.10057497024536133,0.20705872774124146,0.21359883248806
0.3289846181869507,0.3132639527320862,0.2564697861671448,0.4176086485385895,0.3284549415111542
0.17580780386924744,-0.13774527609348297,0.09876987338066101,0.20600441098213196,0.21347692608833313
0.3282179832458496,0.31307703256607056,0.25743621587753296,0.4171122610569,0.32861441373825073
0.1756509691476822,-0.13770857453346252,0.09979385137557983,0.20599088072776794,0.2104562520980835
0.3286193013191223,0.3129068911075592,0.2557079493999481,0.4180809259414673,0.32866644859313965
0.17682409286499023,-0.13820712268352509,0.10234008729457855,0.20881424844264984,0.2100847065448761
0.32930436730384827,0.3121868073940277,0.25527358055114746,0.4179036021232605,0.32758086919784546
0.1755514293909073,-0.1374940276145935,0.10161222517490387,0.20861338078975677,0.21663133800029755
0.3292805254459381,0.3131316900253296,0.25612255930900574,0.4176693260669708,0.3273770213127136
0.1762084811925888,-0.13756833970546722,0.1020069345831871,0.20799867808818817,0.21709463000297546
0.3287017047405243,0.3128054440021515,0.2560889720916748,0.416890025138855,0.3274398446083069
0.1756492406129837,-0.1367092728614807,0.10278293490409851,0.2068365514278412,0.21598386764526367
0.3284590244293213,0.31216567754745483,0.25522732734680176,0.4173840582370758,0.3260461986064911
0.1755886971950531,-0.136579230427742,0.1023205816745758,0.2073086053133011,0.2159912884235382
0.3290030360221863,0.3117835521697998,0.2557433843612671,0.4165443181991577,0.326293021440506
0.17644792795181274,-0.13638760149478912,0.10435914993286133,0.20887967944145203,0.21722649037837982
0.32907670736312866,0.3118988871574402,0.2560500502586365,0.41752591729164124,0.32600224018096924
0.17567166686058044,-0.13838261365890503,0.10113207250833511,0.20694473385810852,0.2139163315296173
0.32946184277534485,0.31211522221565247,0.2569114565849304,0.4175429940223694,0.32689717411994934
0.1764582395553589,-0.13807179033756256,0.1025887057185173,0.20760902762413025,0.21546006202697754
0.32972073554992676,0.3126203119754791,0.25745007395744324,0.41760969161987305,0.32671040296554565
0.1753821074962616,-0.1404382884502411,0.10193933546543121,0.20545326173305511,0.21488386392593384
0.3291759490966797,0.311531126499176,0.2562538981437683,0.41687023639678955,0.3259371519088745
0.1754228174686432,-0.13828283548355103,0.10243649035692215,0.2068740427494049,0.21500393748283386
0.3304940462112427,0.3117438554763794,0.2571004331111908,0.4182921350002289,0.3281959891319275
0.17622169852256775,-0.13764281570911407,0.10116677731275558,0.20685936510562897,0.21391090750694275
0.32899999618530273,0.31042972207069397,0.2556576132774353,0.41611534357070923,0.32532623410224915
0.1756431609392166,-0.14047680795192719,0.10097231715917587,0.2074672430753708,0.2139669954776764
0.32955870032310486,0.3111388683319092,0.2559567391872406,0.41713929176330566,0.32626304030418396
0.17398977279663086,-0.13962902128696442,0.10104629397392273,0.20544308423995972,0.2145862579345703
0.32862669229507446,0.3107836842536926,0.2554747462272644,0.417317658662796,0.3264523148536682
0.17545954883098602,-0.13930624723434448,0.10187315940856934,0.20734438300132751,0.21272455155849457
0.3280624747276306,0.3103564977645874,0.25510674715042114,0.41647642850875854,0.3270084857940674
0.17638930678367615,-0.1383228600025177,0.10122764110565186,0.20793598890304565,0.21489998698234558
0.32884252071380615,0.3106682598590851,0.25674039125442505,0.4170583486557007,0.3290063738822937
0.17592193186283112,-0.13969555497169495,0.10035550594329834,0.20824697613716125,0.214337557554245
0.3289634585380554,0.3105473518371582,0.2560359835624695,0.41633179783821106,0.3279097080230713
0.1760849952697754,-0.13919797539710999,0.10012830048799515,0.20607566833496094,0.21253041923046112
0.3288356363773346,0.309877872467041,0.2555294930934906,0.4165711998939514,0.3285018801689148
0.17522618174552917,-0.13873820006847382,0.0998273491859436,0.207168847322464,0.2143487185239792
0.3287081718444824,0.3098812699317932,0.25506022572517395,0.41649535298347473,0.32827115058898926
0.17453932762145996,-0.1389015167951584,0.10099983215332031,0.20663639903068542,0.2164556086063385
0.3294210433959961,0.3106885850429535,0.2559926211833954,0.41630157828330994,0.3298274874687195
0.17324726283550262,-0.13929373025894165,0.10069136321544647,0.2050153911113739,0.21637365221977234
0.328127384185791,0.3097309470176697,0.25414371490478516,0.4151833653450012,0.32581502199172974
0.17478659749031067,-0.14061148464679718,0.09968401491641998,0.20487910509109497,0.21653711795806885
0.3291139006614685,0.30934593081474304,0.2555887997150421,0.41559869050979614,0.3274447023868561
0.17580953240394592,-0.14058202505111694,0.10087427496910095,0.20666015148162842,0.21672289073467255
0.32800430059432983,0.308896541595459,0.25535792112350464,0.41533201932907104,0.3256664276123047
0.17469662427902222,-0.1400209367275238,0.09901222586631775,0.2060624212026596,0.21624845266342163
0.3277151584625244,0.30842292308807373,0.25500187277793884,0.4144570231437683,0.32501551508903503
0.1737789809703827,-0.13974308967590332,0.09910732507705688,0.2053094208240509,0.21532946825027466
0.328013151884079,0.3085244596004486,0.255148321390152,0.4148218631744385,0.324493944644928
0.17392292618751526,-0.1395447999238968,0.10042157024145126,0.20426997542381287,0.21452029049396515
0.32674941420555115,0.30853527784347534,0.2534617781639099,0.41402238607406616,0.3235490918159485
0.17527830600738525,-0.1401982307434082,0.10065369307994843,0.20648476481437683,0.2150595486164093
0.3279741704463959,0.30746781826019287,0.25485897064208984,0.4149320721626282,0.3263601064682007
0.1748639941215515,-0.14102615416049957,0.09927564859390259,0.20624391734600067,0.21699866652488708
0.3270891606807709,0.30811983346939087,0.2541697919368744,0.41448578238487244,0.3252166509628296
0.17245927453041077,-0.13997292518615723,0.09862787276506424,0.20546990633010864,0.21647395193576813
0.32683804631233215,0.30805450677871704,0.2533896565437317,0.41411346197128296,0.3238218426704407
0.17096176743507385,-0.1415809690952301,0.09867051988840103,0.20271903276443481,0.21337398886680603
0.32726430892944336,0.3073640763759613,0.25407499074935913,0.4142929017543793,0.3244321942329407
0.17329443991184235,-0.1400577276945114,0.09977272152900696,0.20561158657073975,0.2150557041168213
0.32745087146759033,0.30782634019851685,0.2533774971961975,0.4145764112472534,0.32420992851257324
0.1744503378868103,-0.13964521884918213,0.10081150382757187,0.2056180089712143,0.21472926437854767
0.32758575677871704,0.3078252673149109,0.2533789277076721,0.41451817750930786,0.32483938336372375
0.17340096831321716,-0.14036467671394348,0.10119497030973434,0.20512743294239044,0.21488049626350403
0.3269052505493164,0.3071751296520233,0.25297337770462036,0.4145243167877197,0.3239566683769226
0.17319342494010925,-0.1414286345243454,0.10034003853797913,0.20641863346099854,0.21419751644134521
0.3263956904411316,0.30687880516052246,0.2522328495979309,0.4141218364238739,0.3228347599506378
0.17440146207809448,-0.14115504920482635,0.10080214589834213,0.2065495252609253,0.2134481966495514
0.32611992955207825,0.30574914813041687,0.252640962600708,0.4139308035373688,0.32278692722320557
0.1750192493200302,-0.14094321429729462,0.1008833572268486,0.20676779747009277,0.21392540633678436
0.3256598114967346,0.3058180510997772,0.25364118814468384,0.4133829176425934,0.3226219415664673
0.17399835586547852,-0.14126276969909668,0.100039541721344,0.20690160989761353,0.21381625533103943
0.32634082436561584,0.30560174584388733,0.25351864099502563,0.41331592202186584,0.3210560083389282
0.17359142005443573,-0.14184467494487762,0.0995086207985878,0.20476949214935303,0.21531444787979126
0.32718122005462646,0.30664294958114624,0.25398916006088257,0.4149496853351593,0.322978138923645
0.1727135330438614,-0.14348861575126648,0.0994584932923317,0.20464341342449188,0.2141645848751068
0.32539090514183044,0.3063945770263672,0.25315916538238525,0.41263318061828613,0.32140806317329407
0.17409053444862366,-0.14205782115459442,0.1016952246427536,0.2060951143503189,0.21554511785507202
0.32659879326820374,0.30583786964416504,0.2528170347213745,0.41343954205513,0.32251495122909546
0.1717178225517273,-0.14210395514965057,0.09989144653081894,0.20521864295005798,0.21376913785934448
0.32584553956985474,0.3050594925880432,0.25236213207244873,0.41271013021469116,0.32190948724746704
0.17243577539920807,-0.1425883024930954,0.09879138320684433,0.2047889530658722,0.2133488655090332
0.3256699740886688,0.30528759956359863,0.2519438862800598,0.41167330741882324,0.32320430874824524
0.1725911796092987,-0.14231276512145996,0.09807594120502472,0.20444902777671814,0.21449658274650574
0.325712114572525,0.3056830167770386,0.25261563062667847,0.41240936517715454,0.3210598826408386
0.17546717822551727,-0.14184603095054626,0.1000458300113678,0.2067405879497528,0.21538656949996948
0.3263458013534546,0.30550917983055115,0.2526561915874481,0.41352686285972595,0.32270509004592896
0.17558032274246216,-0.1423649787902832,0.0995587557554245,0.20711010694503784,0.2149929404258728
0.32636886835098267,0.3050970137119293,0.25245389342308044,0.41406577825546265,0.3222833275794983
0.17586319148540497,-0.1416328251361847,0.09986329078674316,0.2066173106431961,0.21391505002975464
0.3261141777038574,0.3051143288612366,0.2532024383544922,0.41351428627967834,0.32180243730545044
0.17513030767440796,-0.14220914244651794,0.0993865579366684,0.20566658675670624,0.21534088253974915
0.32673707604408264,0.3048509359359741,0.2530054748058319,0.415399968624115,0.3229341506958008
0.17431879043579102,-0.1417536735534668,0.09792950749397278,0.20641833543777466,0.21533894538879395
0.326700359582901,0.30487239360809326,0.2528141140937805,0.41400372982025146,0.3222966194152832
0.1737540066242218,-0.1417754590511322,0.09927196800708771,0.20668774843215942,0.21513405442237854
0.3262999951839447,0.30432596802711487,0.2520476281642914,0.41328585147857666,0.32138973474502563
0.1731117218732834,-0.142513707280159,0.09844447672367096,0.2057589888572693,0.21671311557292938
0.3261069059371948,0.3043428659439087,0.2524944841861725,0.4132130742073059,0.3223983347415924
0.17605134844779968,-0.14143648743629456,0.09941047430038452,0.20826813578605652,0.21650418639183044
0.3262796998023987,0.304612934589386,0.2532564103603363,0.414189875125885,0.32351213693618774
0.1768311709165573,-0.14160344004631042,0.10065409541130066,0.20769396424293518,0.21781852841377258
0.32703903317451477,0.3042483329772949,0.2531750202178955,0.41384294629096985,0.32346320152282715
0.17246226966381073,-0.14253154397010803,0.09856678545475006,0.20387867093086243,0.21558877825737
0.3259846866130829,0.3043522834777832,0.252506822347641,0.413724422454834,0.3229992389678955
0.171995609998703,-0.1422281563282013,0.09756240993738174,0.2045491486787796,0.21598990261554718
0.3270881772041321,0.30374056100845337,0.25290173292160034,0.41378968954086304,0.32422590255737305
0.17288628220558167,-0.1433115303516388,0.0975692868232727,0.20626375079154968,0.21853408217430115
0.3259771466255188,0.30398333072662354,0.2517939805984497,0.41323816776275635,0.32327330112457275
0.17280879616737366,-0.14341449737548828,0.09918088465929031,0.20552194118499756,0.2155129611492157
0.32717353105545044,0.3039730191230774,0.25239622592926025,0.41391319036483765,0.3253491520881653
0.1718500256538391,-0.1434604823589325,0.09792255610227585,0.20701858401298523,0.21721282601356506
0.3261948823928833,0.3046538233757019,0.25279849767684937,0.41352471709251404,0.32503849267959595
0.1734452247619629,-0.14403414726257324,0.09805779904127121,0.20623281598091125,0.2144184410572052
0.3267606496810913,0.30458134412765503,0.25376129150390625,0.4131070673465729,0.324444055557251
0.17333680391311646,-0.14258694648742676,0.09645567089319229,0.20493735373020172,0.21444669365882874
0.3262161612510681,0.30345654487609863,0.2518899142742157,0.4126240015029907,0.3251543343067169
0.173158660531044,-0.14301344752311707,0.09743276238441467,0.20523729920387268,0.21457794308662415
0.32657676935195923,0.3035859763622284,0.25310835242271423,0.4137999415397644,0.32502880692481995
0.17141315340995789,-0.14404037594795227,0.09596895426511765,0.20473112165927887,0.21350516378879547
0.32690107822418213,0.3032824695110321,0.2536003589630127,0.4138442277908325,0.32531851530075073
0.17214635014533997,-0.14352542161941528,0.09635448455810547,0.20579324662685394,0.21444210410118103
0.32691261172294617,0.3024539649486542,0.2525211572647095,0.4138204753398895,0.3230186700820923
0.17228291928768158,-0.14250236749649048,0.0965804010629654,0.20709457993507385,0.21513128280639648
0.3262366056442261,0.30251404643058777,0.25259023904800415,0.41277486085891724,0.3220745325088501
0.17475005984306335,-0.14344266057014465,0.0989229828119278,0.2072231024503708,0.21692867577075958
0.3256351053714752,0.3026670217514038,0.2508861720561981,0.4123886823654175,0.3237420618534088
0.17419485747814178,-0.14237409830093384,0.0982607901096344,0.20592978596687317,0.2160799503326416
0.32530108094215393,0.30239903926849365,0.25154614448547363,0.4119417369365692,0.32263463735580444
0.1737516224384308,-0.14300325512886047,0.09958778321743011,0.20531213283538818,0.21630612015724182
0.32598549127578735,0.3019341826438904,0.25145500898361206,0.4122249186038971,0.3242861032485962
0.17373287677764893,-0.1434943974018097,0.09852007031440735,0.20678487420082092,0.21800801157951355
0.32627373933792114,0.30247563123703003,0.25242263078689575,0.41236746311187744,0.324607789516449
0.17370331287384033,-0.14462286233901978,0.09800152480602264,0.20650827884674072,0.21736781299114227
0.32647180557250977,0.30233368277549744,0.25244995951652527,0.4125698506832123,0.3242287337779999
0.17361271381378174,-0.1427556574344635,0.09841393679380417,0.20458298921585083,0.21685385704040527
0.3259489834308624,0.3014899790287018,0.25242653489112854,0.41218650341033936,0.3237375020980835
0.17534239590168,-0.14263483881950378,0.09901510924100876,0.20749442279338837,0.21830837428569794
0.32601451873779297,0.30177733302116394,0.2529769539833069,0.4120412766933441,0.32388049364089966
0.17464779317378998,-0.14509305357933044,0.09873984754085541,0.20480817556381226,0.2170690894126892
0.32571667432785034,0.3018649220466614,0.2513370215892792,0.41183292865753174,0.3230840861797333
0.17437295615673065,-0.1435360610485077,0.09955064952373505,0.20476709306240082,0.21782557666301727
0.32612693309783936,0.30121105909347534,0.2524024248123169,0.4121983051300049,0.3230198323726654
0.17421923577785492,-0.14437216520309448,0.09862910956144333,0.20530277490615845,0.21685850620269775
0.3247898817062378,0.3013474941253662,0.25206369161605835,0.41176772117614746,0.32269829511642456
0.1750936210155487,-0.14260102808475494,0.10003652423620224,0.20646458864212036,0.21682804822921753
0.3257697820663452,0.3007330298423767,0.251809298992157,0.4124336242675781,0.32396456599235535
0.17262277007102966,-0.14372393488883972,0.10025151818990707,0.20367273688316345,0.2161022126674652
0.3249967694282532,0.3014703392982483,0.25188612937927246,0.4121929407119751,0.32301557064056396
0.17337286472320557,-0.14335277676582336,0.09716469794511795,0.20447541773319244,0.21537438035011292
0.3257949948310852,0.30113351345062256,0.25293785333633423,0.41189855337142944,0.3240509033203125
0.1734025925397873,-0.14454706013202667,0.09763311594724655,0.20681364834308624,0.21532166004180908
0.3251079022884369,0.29976171255111694,0.25163382291793823,0.4116925597190857,0.3217751085758209
0.17516738176345825,-0.14315663278102875,0.09881868958473206,0.2080482393503189,0.2154650241136551
0.32547929883003235,0.29992201924324036,0.25269123911857605,0.41285550594329834,0.3225407600402832
0.17470718920230865,-0.14220722019672394,0.09939143806695938,0.2090756595134735,0.21659916639328003
0.32489675283432007,0.30016231536865234,0.2515191435813904,0.4117446541786194,0.3221079111099243
0.1722794622182846,-0.14405043423175812,0.09568162262439728,0.2056327909231186,0.21281377971172333
0.325287401676178,0.3001183867454529,0.2527202367782593,0.41199618577957153,0.3232131004333496
0.17302808165550232,-0.1433236300945282,0.09956449270248413,0.2070522904396057,0.21328341960906982
0.3238763213157654,0.29910755157470703,0.25156521797180176,0.4115137457847595,0.3212706744670868
0.17390543222427368,-0.14381346106529236,0.09838200360536575,0.20715674757957458,0.215452179312706
0.32510504126548767,0.29952335357666016,0.25224608182907104,0.41228970885276794,0.32255399227142334
0.17431965470314026,-0.14278273284435272,0.09815333783626556,0.207297682762146,0.21606534719467163
0.32610762119293213,0.30050548911094666,0.2519550323486328,0.4131104350090027,0.32162731885910034
0.176679328083992,-0.14275866746902466,0.0983775407075882,0.20940595865249634,0.215997576713562
0.3255375921726227,0.30000174045562744,0.2528740167617798,0.4127715229988098,0.3210800886154175
0.17479947209358215,-0.1438891887664795,0.09942061454057693,0.20906388759613037,0.2164381444454193
0.3249271810054779,0.29946672916412354,0.2523794174194336,0.41270506381988525,0.3211539089679718
0.17453235387802124,-0.14326566457748413,0.09825687855482101,0.20874667167663574,0.21431271731853485
0.32507312297821045,0.3000946044921875,0.2519167363643646,0.4126059412956238,0.3221687376499176
0.17311154305934906,-0.143487811088562,0.0971226841211319,0.20777884125709534,0.2138628363609314
0.3255489468574524,0.3001967668533325,0.251992791891098,0.4120789170265198,0.3223889172077179
0.17453087866306305,-0.144300639629364,0.09820394217967987,0.20819973945617676,0.21711884438991547
0.3249014616012573,0.2987186014652252,0.25270214676856995,0.41213274002075195,0.3212585151195526
0.1735166311264038,-0.1440008580684662,0.09727106988430023,0.20682355761528015,0.21554064750671387
0.3252406716346741,0.2988603115081787,0.2521933317184448,0.4116783142089844,0.32105401158332825
0.17409293353557587,-0.14331653714179993,0.098851777613163,0.20827774703502655,0.21826210618019104
0.3250862658023834,0.2993773818016052,0.2514757215976715,0.4117003083229065,0.32132625579833984
0.17435726523399353,-0.14541353285312653,0.09742484986782074,0.20771822333335876,0.2160697877407074
0.3252735137939453,0.2993704080581665,0.25191086530685425,0.41216737031936646,0.32092419266700745
0.17597268521785736,-0.1437426507472992,0.09942904859781265,0.20743218064308167,0.21572346985340118
0.3250175714492798,0.29875776171684265,0.2513384521007538,0.4121440052986145,0.32147783041000366
0.17578044533729553,-0.14348143339157104,0.09824816882610321,0.20932729542255402,0.21609488129615784
0.3247845470905304,0.29836881160736084,0.25138887763023376,0.4117555022239685,0.3208267092704773
0.17561253905296326,-0.14395153522491455,0.09936033189296722,0.20850685238838196,0.21531061828136444
0.3251436948776245,0.29949524998664856,0.2529914975166321,0.41312986612319946,0.32150062918663025
0.17534780502319336,-0.14474846422672272,0.09782825410366058,0.20876669883728027,0.21747428178787231
0.32651400566101074,0.299327552318573,0.253151535987854,0.41222429275512695,0.3212759494781494
0.17385925352573395,-0.14404964447021484,0.09712837636470795,0.20667581260204315,0.2161961942911148
0.3255465626716614,0.29995810985565186,0.25275471806526184,0.4126177132129669,0.32075971364974976
0.17437660694122314,-0.14427201449871063,0.09666389226913452,0.20590993762016296,0.21661600470542908
0.32466602325439453,0.29897522926330566,0.25191783905029297,0.41109076142311096,0.3196942210197449
0.17616842687129974,-0.14459672570228577,0.0972948968410492,0.2082047164440155,0.21736210584640503
0.32559964060783386,0.2993071973323822,0.2530069947242737,0.4118458032608032,0.3188922703266144
0.1750659942626953,-0.14452175796031952,0.0976492166519165,0.2080976366996765,0.2178402543067932
0.32529526948928833,0.29874807596206665,0.2522040009498596,0.41196292638778687,0.31908196210861206
0.1753556728363037,-0.14465558528900146,0.09694352746009827,0.20599853992462158,0.21566230058670044
0.32472243905067444,0.2985144555568695,0.25068199634552,0.4118509292602539,0.3202216625213623
0.17580252885818481,-0.14422646164894104,0.09821829944849014,0.20834052562713623,0.2197602540254593
0.3242374360561371,0.2983540892601013,0.25030893087387085,0.41108155250549316,0.3201245665550232
0.1746886670589447,-0.1445562243461609,0.0988418385386467,0.20843690633773804,0.21598753333091736
0.324692040681839,0.2987441420555115,0.2509627938270569,0.41171684861183167,0.3215108811855316
0.17412787675857544,-0.1441558599472046,0.09689308702945709,0.2066149115562439,0.21476107835769653
0.32397907972335815,0.29761403799057007,0.25103622674942017,0.41116583347320557,0.32009923458099365
0.1758645921945572,-0.14505404233932495,0.09848454594612122,0.2062060385942459,0.21689218282699585
0.3245648443698883,0.29892823100090027,0.2503803074359894,0.4107475280761719,0.3195692300796509
0.17557871341705322,-0.1448284089565277,0.09873013198375702,0.20857661962509155,0.21831642091274261
0.3235955536365509,0.29779598116874695,0.2508660554885864,0.4104774594306946,0.3205121159553528
0.17660439014434814,-0.1438683569431305,0.09976266324520111,0.21034424006938934,0.2205599546432495
0.3249203562736511,0.2986193597316742,0.25081121921539307,0.4113132655620575,0.3187662959098816
0.17664021253585815,-0.1439577043056488,0.09975394606590271,0.2098342776298523,0.2189556062221527
0.32326769828796387,0.2982667088508606,0.249371737241745,0.4109193980693817,0.3182620108127594
0.17535386979579926,-0.14330250024795532,0.09761917591094971,0.2061745822429657,0.218525230884552
0.32394224405288696,0.2980339825153351,0.2509737014770508,0.4110034108161926,0.3177965581417084
0.17798367142677307,-0.14491094648838043,0.0990251898765564,0.209304079413414,0.21996665000915527
0.3240882158279419,0.2973664402961731,0.25016969442367554,0.41130173206329346,0.3177589774131775
0.17535217106342316,-0.14580543339252472,0.09735631942749023,0.20593887567520142,0.21795956790447235
0.3245524764060974,0.2980302572250366,0.25067657232284546,0.4114956259727478,0.31779900193214417
0.1783241629600525,-0.1444931924343109,0.0980101153254509,0.20921754837036133,0.2167082279920578
0.3243958652019501,0.29699188470840454,0.2512821555137634,0.41127628087997437,0.3173782527446747
0.1761023849248886,-0.143295556306839,0.09811687469482422,0.2082776129245758,0.2172885537147522
0.3242805004119873,0.29658377170562744,0.2509007751941681,0.41120442748069763,0.3186464309692383
0.1739092767238617,-0.14434394240379333,0.09719964861869812,0.20784635841846466,0.21869029104709625
0.32459700107574463,0.29730644822120667,0.25164976716041565,0.4118504524230957,0.31821000576019287
0.17618487775325775,-0.14370056986808777,0.09928210079669952,0.20785728096961975,0.21966329216957092
0.32481998205184937,0.29658108949661255,0.25005143880844116,0.41200023889541626,0.31862103939056396
0.17604246735572815,-0.14321035146713257,0.09783807396888733,0.20850174129009247,0.22069713473320007
0.32411080598831177,0.29673054814338684,0.2512754797935486,0.41197556257247925,0.31822919845581055
0.17651861906051636,-0.14472419023513794,0.0989958867430687,0.20974776148796082,0.22101227939128876
0.32498955726623535,0.29652559757232666,0.2512490749359131,0.4121032953262329,0.3190334737300873
0.17524224519729614,-0.1450602412223816,0.09664858132600784,0.20777377486228943,0.22320473194122314
0.3252747654914856,0.29876887798309326,0.2515549659729004,0.41268351674079895,0.3200284242630005
0.17676953971385956,-0.14280909299850464,0.10021395981311798,0.20979824662208557,0.22245609760284424
0.3236309289932251,0.2960999011993408,0.25022006034851074,0.4109167158603668,0.3174571096897125
0.174024760723114,-0.14472372829914093,0.09663914144039154,0.20740601420402527,0.21892185509204865
0.32458388805389404,0.29655081033706665,0.25063347816467285,0.41131025552749634,0.3183232545852661
0.17610237002372742,-0.14486216008663177,0.09752599149942398,0.20840993523597717,0.2193651646375656
0.32566317915916443,0.29753023386001587,0.25192803144454956,0.41216787695884705,0.31876039505004883
0.1754809468984604,-0.14430201053619385,0.09708762168884277,0.20800133049488068,0.21963344514369965
0.3242644667625427,0.2967175245285034,0.25061002373695374,0.4106336832046509,0.31864309310913086
0.175998717546463,-0.14421840012073517,0.09708909690380096,0.20941467583179474,0.21780213713645935
0.3236703872680664,0.2972344756126404,0.2498462200164795,0.4113966226577759,0.31800127029418945
0.17670126259326935,-0.14318549633026123,0.09813036024570465,0.20907241106033325,0.21919749677181244
0.32449764013290405,0.29607659578323364,0.25017136335372925,0.41022855043411255,0.3180572986602783
0.17687205970287323,-0.1437322497367859,0.09638102352619171,0.2092854380607605,0.2181536704301834
0.32339736819267273,0.29615119099617004,0.2498728483915329,0.40991830825805664,0.31824856996536255
0.1762630045413971,-0.14423906803131104,0.09770331531763077,0.20696955919265747,0.21864382922649384
0.32403188943862915,0.2961370348930359,0.25033268332481384,0.41018855571746826,0.3180482089519501
0.1752808541059494,-0.14455550909042358,0.09707153588533401,0.20873486995697021,0.2203596532344818
0.3241197168827057,0.2963452935218811,0.25062498450279236,0.41115111112594604,0.3187254071235657
0.17563340067863464,-0.14442190527915955,0.09758315235376358,0.20928511023521423,0.21873953938484192
0.32371026277542114,0.29531753063201904,0.2498345971107483,0.41054725646972656,0.31859761476516724
0.17792785167694092,-0.14391504228115082,0.09949884563684464,0.20900528132915497,0.21975761651992798
0.32451027631759644,0.2959904968738556,0.2515684962272644,0.4109950661659241,0.3185732960700989
0.17505307495594025,-0.14415627717971802,0.09909253567457199,0.2071707844734192,0.2208436131477356
0.323783814907074,0.2952445149421692,0.24965396523475647,0.41166526079177856,0.317693293094635
0.17590996623039246,-0.14531926810741425,0.09934235364198685,0.20654845237731934,0.21996533870697021
0.32425054907798767,0.29546475410461426,0.2506013512611389,0.4113903045654297,0.3185592293739319
0.174830824136734,-0.14399439096450806,0.09887506067752838,0.2074950933456421,0.22152650356292725
0.3232291340827942,0.2952306866645813,0.25005805492401123,0.41109248995780945,0.3183644413948059
0.17759551107883453,-0.1442660689353943,0.10074730962514877,0.21020713448524475,0.21940237283706665
0.3234536945819855,0.29599863290786743,0.2501479983329773,0.41068726778030396,0.3200799226760864
0.17592787742614746,-0.1444818526506424,0.09871728718280792,0.20661062002182007,0.21938571333885193
0.3240644335746765,0.29565417766571045,0.2500194311141968,0.41118839383125305,0.3192713260650635
0.17733800411224365,-0.14378750324249268,0.09849987924098969,0.21051281690597534,0.22028054296970367
0.3242936134338379,0.2954331040382385,0.2507045865058899,0.41036033630371094,0.3181378245353699
0.1765115112066269,-0.14366546273231506,0.09648215770721436,0.20908106863498688,0.22021737694740295
0.32377520203590393,0.29516860842704773,0.24877843260765076,0.4108225703239441,0.31829142570495605
0.17514461278915405,-0.14382711052894592,0.09726233035326004,0.20692110061645508,0.21872831881046295
0.3237416744232178,0.2951752245426178,0.24899864196777344,0.4100334942340851,0.3173801898956299
0.17489010095596313,-0.14411339163780212,0.0981646329164505,0.20804853737354279,0.22218039631843567
0.3236258625984192,0.2956475019454956,0.2489733248949051,0.41105860471725464,0.31944358348846436
0.17364531755447388,-0.14439281821250916,0.09739354252815247,0.207095205783844,0.21999013423919678
0.323933482170105,0.2961200177669525,0.24915070831775665,0.41035333275794983,0.31823116540908813
0.17483484745025635,-0.14449191093444824,0.09769327193498611,0.20719550549983978,0.21893616020679474
0.3241402506828308,0.29524433612823486,0.24945887923240662,0.41140657663345337,0.3186161518096924
0.1750965118408203,-0.14452071487903595,0.09715040028095245,0.2063361555337906,0.2180846631526947
0.3237723112106323,0.29598164558410645,0.25013548135757446,0.4104969799518585,0.3181764483451843
0.17518387734889984,-0.14562448859214783,0.09575695544481277,0.20859625935554504,0.21957367658615112
0.323930948972702,0.2944314777851105,0.24922795593738556,0.4100387692451477,0.3176286220550537
0.1743004471063614,-0.14396318793296814,0.09782743453979492,0.20899072289466858,0.21979381144046783
0.32418292760849,0.2944595217704773,0.24920234084129333,0.41064178943634033,0.317470520734787
0.1737014204263687,-0.1453211009502411,0.09555919468402863,0.20746192336082458,0.22062084078788757
0.3246402144432068,0.2957116365432739,0.2500748932361603,0.4110952913761139,0.31820327043533325
0.17558693885803223,-0.14480730891227722,0.09939787536859512,0.20985862612724304,0.22137534618377686
0.3238672614097595,0.29504287242889404,0.24870499968528748,0.4107867181301117,0.31768789887428284
0.17678770422935486,-0.14547383785247803,0.09882831573486328,0.21033638715744019,0.2213723063468933
0.3236859440803528,0.29524150490760803,0.24960249662399292,0.4111254811286926,0.3167768120765686
0.1769626885652542,-0.14457044005393982,0.09814497828483582,0.21040740609169006,0.22144532203674316
0.3233242928981781,0.29470792412757874,0.25001397728919983,0.4116709232330322,0.3168230652809143
0.1756705790758133,-0.14482998847961426,0.09840894490480423,0.2098265439271927,0.22084248065948486
0.3237835764884949,0.2939808964729309,0.24950635433197021,0.4112587571144104,0.31636953353881836
0.1758396029472351,-0.14527033269405365,0.09905759990215302,0.2088530957698822,0.2224707007408142
0.32392969727516174,0.2945132255554199,0.25035911798477173,0.4113205075263977,0.317569375038147
0.17424701154232025,-0.14519768953323364,0.09702416509389877,0.20709750056266785,0.21841901540756226
0.32306748628616333,0.29445093870162964,0.24988225102424622,0.41092777252197266,0.31789761781692505
0.1754530966281891,-0.14493876695632935,0.09826506674289703,0.20967386662960052,0.22002604603767395
0.3235825300216675,0.29491931200027466,0.2508434057235718,0.4105633497238159,0.31806933879852295
0.17509865760803223,-0.1449735164642334,0.09734679758548737,0.20941470563411713,0.22125506401062012
0.3240232765674591,0.2949044704437256,0.2504205107688904,0.41118282079696655,0.3169556260108948
0.17612457275390625,-0.14426282048225403,0.09848669171333313,0.20976313948631287,0.21977071464061737
0.32341277599334717,0.29469603300094604,0.2503436207771301,0.41140538454055786,0.3164482116699219
0.17704613506793976,-0.1443437784910202,0.09799294173717499,0.2092881202697754,0.2218722552061081
0.3240036368370056,0.2952677607536316,0.24920523166656494,0.41165757179260254,0.3165076971054077
0.17475691437721252,-0.14539310336112976,0.09866410493850708,0.20680195093154907,0.21807894110679626
0.32412850856781006,0.29518938064575195,0.25013455748558044,0.41160666942596436,0.31734398007392883
0.17458705604076385,-0.14516189694404602,0.0986337810754776,0.20889872312545776,0.22189903259277344
0.3245149850845337,0.29501885175704956,0.24890092015266418,0.4112962484359741,0.317461758852005
0.17575791478157043,-0.14497821033000946,0.09751258790493011,0.20996224880218506,0.22112815082073212
0.3234758675098419,0.29483693838119507,0.24870993196964264,0.4109601378440857,0.31535258889198303
0.1783432960510254,-0.14382481575012207,0.0990777239203453,0.21196727454662323,0.2197900414466858
0.3244228959083557,0.2951713800430298,0.24969390034675598,0.412080854177475,0.3169251084327698
0.17654788494110107,-0.14548541605472565,0.09778603911399841,0.20979225635528564,0.2211732268333435
0.3239191770553589,0.2952948808670044,0.24975672364234924,0.41110754013061523,0.31665462255477905
0.17577683925628662,-0.1457958072423935,0.09856323897838593,0.20929738879203796,0.2212224155664444
0.32338833808898926,0.2946244776248932,0.24932116270065308,0.41084524989128113,0.31604617834091187
0.17727726697921753,-0.14531062543392181,0.09886878728866577,0.21108640730381012,0.22071559727191925
0.32269227504730225,0.29428231716156006,0.24836465716362,0.4112074375152588,0.3163996934890747
0.17563287913799286,-0.14569324254989624,0.0976625308394432,0.21096813678741455,0.2207561433315277
0.3236430287361145,0.2949081361293793,0.25020360946655273,0.41070792078971863,0.31731465458869934
0.1762000024318695,-0.14617541432380676,0.09738056361675262,0.210365891456604,0.22071430087089539
0.324235200881958,0.2951485514640808,0.25090211629867554,0.4118172824382782,0.3180638551712036
0.17632894217967987,-0.14596891403198242,0.09743957221508026,0.211191326379776,0.2227228730916977
0.3237006664276123,0.29502809047698975,0.250512033700943,0.4112083911895752,0.3169904351234436
0.17629122734069824,-0.14556223154067993,0.09689696133136749,0.21109968423843384,0.22397857904434204
0.32432055473327637,0.2946746051311493,0.2508922815322876,0.41020074486732483,0.3165341317653656
0.1772327721118927,-0.14429433643817902,0.09796352684497833,0.21326518058776855,0.2220354974269867
0.3233855962753296,0.2944934368133545,0.2494114488363266,0.4107300341129303,0.31552985310554504
0.17824606597423553,-0.1433931291103363,0.09889135509729385,0.21568745374679565,0.22329065203666687
0.3237670660018921,0.2948877811431885,0.24955803155899048,0.4100506901741028,0.31573671102523804
0.1794549971818924,-0.14352817833423615,0.09987398236989975,0.21466439962387085,0.22371354699134827
0.3233684301376343,0.2943709194660187,0.24885821342468262,0.4109988808631897,0.3158647418022156
0.17810901999473572,-0.14434489607810974,0.09890403598546982,0.21192890405654907,0.22367173433303833
0.3237120509147644,0.2942335605621338,0.25037598609924316,0.4105091989040375,0.3176015019416809
0.17894574999809265,-0.14576736092567444,0.09855765104293823,0.2125266194343567,0.223577082157135
0.32280057668685913,0.294766366481781,0.24985142052173615,0.4108741283416748,0.3163734972476959
0.17907540500164032,-0.14405445754528046,0.10063930600881577,0.21308311820030212,0.22429189085960388
0.3241215944290161,0.29474544525146484,0.24983468651771545,0.41086095571517944,0.3170143961906433
0.17789748311042786,-0.14452597498893738,0.0983009934425354,0.21173322200775146,0.2221861332654953
0.3235928416252136,0.2941208779811859,0.25037088990211487,0.4112629294395447,0.3175169825553894
0.1778658628463745,-0.14443449676036835,0.0971798449754715,0.21126705408096313,0.22326096892356873
0.32349693775177,0.2939433753490448,0.2500857412815094,0.41085273027420044,0.31761014461517334
0.1764245331287384,-0.14586427807807922,0.09745421260595322,0.20929399132728577,0.2220047414302826
0.3237156569957733,0.29370051622390747,0.2501344680786133,0.4101705551147461,0.3174954056739807
0.17699342966079712,-0.14588958024978638,0.09784092009067535,0.2116158902645111,0.22268185019493103
0.32312023639678955,0.2943743169307709,0.24975146353244781,0.4097393751144409,0.3158760666847229
0.1799280047416687,-0.14460526406764984,0.09927922487258911,0.2137083113193512,0.22307661175727844
0.32311058044433594,0.293923556804657,0.25004249811172485,0.4099089503288269,0.31609100103378296
0.17924714088439941,-0.14479073882102966,0.09940192103385925,0.21400247514247894,0.2242775559425354
0.32295849919319153,0.2936229705810547,0.24914740025997162,0.41011929512023926,0.31556397676467896
0.1775561273097992,-0.14480450749397278,0.09733942151069641,0.2118871808052063,0.22379380464553833
0.3231441378593445,0.29268136620521545,0.24968969821929932,0.41077086329460144,0.31655704975128174
0.17703679203987122,-0.14580321311950684,0.09680889546871185,0.21042890846729279,0.22375477850437164
0.3226267397403717,0.2934613525867462,0.24893170595169067,0.41064125299453735,0.31682562828063965
0.1765517294406891,-0.14628052711486816,0.09716225415468216,0.2111746072769165,0.22247684001922607
0.3232972025871277,0.29372692108154297,0.24913129210472107,0.41006994247436523,0.3157810568809509
0.17699861526489258,-0.14402486383914948,0.09662458300590515,0.21098914742469788,0.2227115035057068
0.3240011930465698,0.29357755184173584,0.2503914535045624,0.4107644557952881,0.31614214181900024
0.1778183877468109,-0.14563271403312683,0.09697677940130234,0.2120228409767151,0.2234940528869629
0.3232458829879761,0.29300549626350403,0.2490440458059311,0.4107728600502014,0.31632035970687866
0.17679589986801147,-0.14604955911636353,0.09805743396282196,0.21083082258701324,0.22295908629894257
0.32343757152557373,0.2943505644798279,0.24922062456607819,0.4118432402610779,0.3176898658275604
0.17792938649654388,-0.14443881809711456,0.09775891155004501,0.20930349826812744,0.22337789833545685
0.3234085738658905,0.29298192262649536,0.24879440665245056,0.4105381369590759,0.3163289427757263
0.1770244836807251,-0.14461441338062286,0.09876007586717606,0.20967213809490204,0.22270092368125916
0.3234657347202301,0.29304492473602295,0.24847093224525452,0.4103085994720459,0.3176437318325043
0.1767033040523529,-0.14492057263851166,0.0970703586935997,0.21132692694664001,0.22192220389842987
0.3234563171863556,0.29253658652305603,0.24790382385253906,0.4104975163936615,0.31585729122161865
0.17595386505126953,-0.14489974081516266,0.09578606486320496,0.21066784858703613,0.22152675688266754
0.3232584297657013,0.29400545358657837,0.24784353375434875,0.4105129539966583,0.313991904258728
0.1782902181148529,-0.1434994637966156,0.09949104487895966,0.21068774163722992,0.22158649563789368
0.3237012028694153,0.29355108737945557,0.24891397356987,0.4113161563873291,0.3156433403491974
0.17638665437698364,-0.1457575261592865,0.09730246663093567,0.2090664505958557,0.22090807557106018
0.3237180709838867,0.29372769594192505,0.24954530596733093,0.4103935956954956,0.3143428564071655
0.17784889042377472,-0.14499585330486298,0.0976477712392807,0.21030724048614502,0.22333630919456482
0.3239118158817291,0.2933778762817383,0.249374657869339,0.4104255437850952,0.31473565101623535
0.17766469717025757,-0.14527657628059387,0.09845729172229767,0.2081681191921234,0.2199687659740448
0.3234592080116272,0.2933487296104431,0.24952377378940582,0.41016915440559387,0.3150099515914917
0.17714637517929077,-0.14505720138549805,0.09928005933761597,0.20974883437156677,0.2222706526517868
0.3232443034648895,0.293454647064209,0.24949105083942413,0.4100302457809448,0.31599390506744385
0.17803055047988892,-0.1439451277256012,0.09888428449630737,0.2123042643070221,0.22344347834587097
0.3228840231895447,0.29338330030441284,0.24896833300590515,0.4091387987136841,0.3146352469921112
0.17660287022590637,-0.14570561051368713,0.10074290633201599,0.20999160408973694,0.22382348775863647
0.3237096071243286,0.2932371497154236,0.24783514440059662,0.4096483588218689,0.3170691728591919
0.17659889161586761,-0.14483773708343506,0.10067573189735413,0.21053138375282288,0.2233704775571823
0.3234553337097168,0.2927350401878357,0.24824067950248718,0.40898454189300537,0.31445127725601196
0.17751875519752502,-0.1435461938381195,0.10122344642877579,0.21165497601032257,0.22255566716194153
0.32423287630081177,0.293094277381897,0.2488122582435608,0.40996429324150085,0.31429198384284973
0.17638397216796875,-0.14458835124969482,0.09939371049404144,0.20990869402885437,0.22268818318843842
0.3235629200935364,0.2928597629070282,0.24856945872306824,0.4108327031135559,0.3151390552520752
0.1754949986934662,-0.14491058886051178,0.10008175671100616,0.2086661159992218,0.22111856937408447
0.32331955432891846,0.2929782569408417,0.24876537919044495,0.40990060567855835,0.3151217997074127
0.1792057752609253,-0.144747793674469,0.1012190654873848,0.21375879645347595,0.22151035070419312
0.32332301139831543,0.2929106056690216,0.24837139248847961,0.409778892993927,0.3152017593383789
0.17732414603233337,-0.14551061391830444,0.09898069500923157,0.21051783859729767,0.22102680802345276
0.3226010203361511,0.293232798576355,0.24826233088970184,0.4092070162296295,0.31438401341438293
0.17713916301727295,-0.14409959316253662,0.0993216410279274,0.21020139753818512,0.22199276089668274
0.3229484260082245,0.2932701110839844,0.24854525923728943,0.40898680686950684,0.3147924542427063
0.17618609964847565,-0.14472389221191406,0.09809844940900803,0.21026340126991272,0.222189262509346
0.3235698342323303,0.2931012511253357,0.24844500422477722,0.41053077578544617,0.31482386589050293
0.17741724848747253,-0.14446789026260376,0.09932050853967667,0.21156704425811768,0.22186867892742157
0.323153555393219,0.29285258054733276,0.24807311594486237,0.409616619348526,0.3137339949607849
0.1787215769290924,-0.144121915102005,0.10007037967443466,0.2124634087085724,0.2224312126636505
0.3230873942375183,0.292760968208313,0.2473755180835724,0.4098694920539856,0.314186692237854
0.17648151516914368,-0.14542964100837708,0.0975036546587944,0.20978890359401703,0.22192461788654327
0.3220466077327728,0.29282599687576294,0.24719658493995667,0.40890616178512573,0.31530624628067017
0.17679470777511597,-0.14513292908668518,0.09836021065711975,0.21141931414604187,0.2229815125465393
0.32271406054496765,0.2928878664970398,0.24847856163978577,0.40842437744140625,0.31417596340179443
0.17581364512443542,-0.14540474116802216,0.09687618911266327,0.21179427206516266,0.22142940759658813
0.3233126997947693,0.2929655909538269,0.2484668344259262,0.4089701473712921,0.31515011191368103
0.1769818216562271,-0.14585696160793304,0.09780965745449066,0.21170035004615784,0.22350484132766724
0.3221977949142456,0.2915439009666443,0.24714738130569458,0.4090157151222229,0.312835693359375
0.1772249937057495,-0.14496514201164246,0.09798885881900787,0.2116715908050537,0.22215759754180908
0.3229045867919922,0.29332566261291504,0.24714016914367676,0.4090273380279541,0.3144424259662628
0.17603778839111328,-0.1453327089548111,0.09893143177032471,0.21262840926647186,0.22165916860103607
0.3229737877845764,0.2926068902015686,0.24751901626586914,0.4088141620159149,0.313201904296875
0.1764322966337204,-0.14508256316184998,0.09903743118047714,0.2124626338481903,0.2224041223526001
0.32223576307296753,0.29239314794540405,0.2473391592502594,0.4085007905960083,0.313271164894104
0.17651072144508362,-0.14512419700622559,0.09847632795572281,0.21062879264354706,0.22164714336395264
0.3233135938644409,0.293130099773407,0.2484177052974701,0.4090310335159302,0.3136361837387085
0.17593194544315338,-0.14520052075386047,0.09744066745042801,0.2117583155632019,0.22122769057750702
0.323462575674057,0.2920469641685486,0.2480572909116745,0.40925440192222595,0.31376850605010986
0.1758403778076172,-0.14532196521759033,0.09760579466819763,0.21064697206020355,0.223028302192688
0.3234002888202667,0.2922680675983429,0.24828262627124786,0.40885239839553833,0.3138316869735718
0.17657817900180817,-0.14526116847991943,0.09700747579336166,0.21096670627593994,0.22328093647956848
0.32425427436828613,0.2923911511898041,0.2489117532968521,0.4094228744506836,0.31536537408828735
0.17673227190971375,-0.14576125144958496,0.09854624420404434,0.21220669150352478,0.22455686330795288
0.32400059700012207,0.2929433286190033,0.24833448231220245,0.4096930921077728,0.31607580184936523
0.17661088705062866,-0.14558295905590057,0.09851700067520142,0.2101224660873413,0.22459501028060913
0.32385095953941345,0.2922638952732086,0.24808260798454285,0.40984904766082764,0.31490740180015564
0.17809709906578064,-0.14596639573574066,0.09945346415042877,0.213103249669075,0.2237565517425537
0.32380589842796326,0.29213017225265503,0.24755577743053436,0.40996044874191284,0.315795361995697
0.17673078179359436,-0.14606517553329468,0.09855839610099792,0.21251504123210907,0.2220344990491867
0.3233776092529297,0.29254835844039917,0.24840444326400757,0.4098924398422241,0.3156498670578003
0.1760403960943222,-0.1464395374059677,0.099766306579113,0.21130697429180145,0.22513791918754578
0.3235611021518707,0.291872501373291,0.2480374276638031,0.40967950224876404,0.31685709953308105
0.1760530173778534,-0.1452932208776474,0.09945781528949738,0.21162867546081543,0.22319763898849487
0.323879599571228,0.2919188439846039,0.24823270738124847,0.40949100255966187,0.31583330035209656
0.17604103684425354,-0.14675557613372803,0.0967736691236496,0.2094486504793167,0.22144272923469543
0.32422488927841187,0.2920910120010376,0.24857404828071594,0.4100661277770996,0.3157745599746704
0.17615962028503418,-0.14727962017059326,0.09729857742786407,0.2110762596130371,0.22240617871284485
0.324266254901886,0.29354509711265564,0.24862980842590332,0.41045594215393066,0.3172744810581207
0.17868895828723907,-0.14525601267814636,0.10023559629917145,0.2127758264541626,0.22094766795635223
0.3233422040939331,0.291436105966568,0.24757064878940582,0.40948712825775146,0.31619125604629517
0.17613054811954498,-0.1466328501701355,0.0983114093542099,0.20771995186805725,0.2207649201154709
0.32368898391723633,0.2920278310775757,0.24806778132915497,0.4095474183559418,0.3162989020347595
0.17602330446243286,-0.14581768214702606,0.0971318930387497,0.210757777094841,0.2206338346004486
0.32440832257270813,0.2923455834388733,0.2483944147825241,0.4106348156929016,0.3177676200866699
0.17687785625457764,-0.14740648865699768,0.09821517765522003,0.21096816658973694,0.22208470106124878
0.3239763379096985,0.29233309626579285,0.24699419736862183,0.4095277488231659,0.317152202129364
0.1774911731481552,-0.14665627479553223,0.09973766654729843,0.21284636855125427,0.22307033836841583
0.32427361607551575,0.2926883101463318,0.24801850318908691,0.40995800495147705,0.3159656524658203
0.17679890990257263,-0.14600726962089539,0.09858494251966476,0.21026307344436646,0.2226909101009369
0.3240990936756134,0.29231569170951843,0.2473018765449524,0.41015422344207764,0.3162901997566223
0.17842531204223633,-0.1451570689678192,0.10168427228927612,0.21295101940631866,0.22367310523986816
0.3250417709350586,0.29240506887435913,0.2482888102531433,0.4099622666835785,0.31641197204589844
0.17760056257247925,-0.14588022232055664,0.10137439519166946,0.2124629020690918,0.22519056499004364
0.32368457317352295,0.2916468381881714,0.24788278341293335,0.41050469875335693,0.3161805272102356
0.17479798197746277,-0.14773952960968018,0.09832071512937546,0.2091558277606964,0.22270247340202332
0.3239564597606659,0.2925761044025421,0.2478092610836029,0.4096798300743103,0.3166459798812866
0.17526113986968994,-0.14752337336540222,0.09740857034921646,0.20858612656593323,0.22340694069862366
0.3237704038619995,0.2922978401184082,0.2477128505706787,0.4104856252670288,0.3160909414291382
0.17666061222553253,-0.14729534089565277,0.09935469925403595,0.20938754081726074,0.22241082787513733
0.3237985074520111,0.2918533682823181,0.24771147966384888,0.41037315130233765,0.3149467706680298
0.17817413806915283,-0.14641577005386353,0.1007654145359993,0.21015822887420654,0.2230117917060852
0.32325243949890137,0.2907830774784088,0.24617929756641388,0.4099697172641754,0.3151434063911438
0.17649316787719727,-0.1468459665775299,0.09772814810276031,0.2110469937324524,0.22470609843730927
0.32264143228530884,0.2908981740474701,0.2466285228729248,0.40955114364624023,0.3160313367843628
0.17834393680095673,-0.14490821957588196,0.10031914710998535,0.2132924348115921,0.22452419996261597
0.3224955201148987,0.29049599170684814,0.24532365798950195,0.40916407108306885,0.3144143223762512
0.17666836082935333,-0.14619088172912598,0.09874369949102402,0.20989535748958588,0.22513730823993683
0.3224477767944336,0.290405809879303,0.24686041474342346,0.4085310697555542,0.3145219087600708
0.1767638921737671,-0.14687496423721313,0.09890302270650864,0.21185198426246643,0.2247386872768402
0.32313671708106995,0.2904442548751831,0.2472270429134369,0.40976133942604065,0.3158261179924011
0.17754989862442017,-0.14592106640338898,0.09990326315164566,0.21156251430511475,0.22467097640037537
0.32263559103012085,0.2904871702194214,0.24744753539562225,0.4096085727214813,0.31486719846725464
0.17627665400505066,-0.14628633856773376,0.0991220623254776,0.21114027500152588,0.2240494191646576
0.32327336072921753,0.2907063961029053,0.24873806536197662,0.4101659655570984,0.3150138556957245
0.1779017448425293,-0.14713427424430847,0.09895792603492737,0.21159252524375916,0.22344526648521423
0.3239161968231201,0.2910604178905487,0.2482803612947464,0.41028374433517456,0.31608954071998596
0.178437277674675,-0.14539355039596558,0.09882674366235733,0.2111600786447525,0.22345313429832458
0.32314035296440125,0.290932834148407,0.2478714883327484,0.4095449447631836,0.3163920044898987
0.17863425612449646,-0.14559566974639893,0.09926874935626984,0.2121826410293579,0.22524800896644592
0.3233928382396698,0.29077276587486267,0.24657955765724182,0.4086955189704895,0.31561872363090515
0.17870990931987762,-0.14490029215812683,0.09949257224798203,0.2143169641494751,0.22430363297462463
0.32262343168258667,0.2907734513282776,0.24729454517364502,0.4089238941669464,0.31520891189575195
0.1774722784757614,-0.14536315202713013,0.09831112623214722,0.2122156023979187,0.2241191416978836
0.3229392170906067,0.2918042540550232,0.24780160188674927,0.4086424708366394,0.315085232257843
0.17810635268688202,-0.14438822865486145,0.1001051738858223,0.21265676617622375,0.2252275049686432
0.3215625584125519,0.2901313304901123,0.24674805998802185,0.40814894437789917,0.31433603167533875
0.1772555112838745,-0.14630475640296936,0.09819220006465912,0.2124537229537964,0.2240077555179596
0.3226720690727234,0.29016005992889404,0.24850013852119446,0.40850234031677246,0.31468331813812256
0.17716169357299805,-0.14520755410194397,0.09981980919837952,0.21294523775577545,0.22506822645664215
0.32283857464790344,0.29096829891204834,0.24750666320323944,0.4080753028392792,0.3160470426082611
0.1780986487865448,-0.14450013637542725,0.0995490774512291,0.21428361535072327,0.22688999772071838
0.3234359622001648,0.2899317145347595,0.24703876674175262,0.40826350450515747,0.3164440989494324
0.1769251674413681,-0.14587461948394775,0.09912082552909851,0.21227295696735382,0.225300595164299
0.32289403676986694,0.29049152135849,0.24586525559425354,0.408394992351532,0.3152635097503662
0.1778678596019745,-0.1453854739665985,0.10086243599653244,0.21299707889556885,0.22458621859550476
0.3221758008003235,0.29006850719451904,0.24630501866340637,0.4082222580909729,0.3147803246974945
0.1756872981786728,-0.1445264220237732,0.10020628571510315,0.2114514708518982,0.22615617513656616
0.32276231050491333,0.2896113395690918,0.24644239246845245,0.40864989161491394,0.31743520498275757
0.174867644906044,-0.1455683708190918,0.09812469780445099,0.20990458130836487,0.22435036301612854
0.3230380415916443,0.29089781641960144,0.24681276082992554,0.40911298990249634,0.3156169056892395
0.1762939989566803,-0.1445983350276947,0.0998036339879036,0.2116115391254425,0.2268078327178955
0.3231545686721802,0.2901597023010254,0.24645614624023438,0.4086270332336426,0.31672781705856323
0.17637787759304047,-0.14487743377685547,0.09982852637767792,0.2111273556947708,0.22570964694023132
0.3225024342536926,0.29022759199142456,0.2469664216041565,0.4076656103134155,0.3165179193019867
0.1774263083934784,-0.1446591317653656,0.10039369761943817,0.21133562922477722,0.22606098651885986
0.32269415259361267,0.29073113203048706,0.24755272269248962,0.40872934460639954,0.3155420422554016
0.17750351130962372,-0.1454973965883255,0.09957912564277649,0.21191060543060303,0.22470971941947937
0.32308024168014526,0.2899631857872009,0.24646766483783722,0.4087851941585541,0.3175615072250366
0.17802029848098755,-0.14583256840705872,0.10013768821954727,0.21245259046554565,0.22540687024593353
0.32283085584640503,0.2902260422706604,0.2474215030670166,0.4082808494567871,0.31520238518714905
0.17861802875995636,-0.14480075240135193,0.09983959048986435,0.21326212584972382,0.22515875101089478
0.3225381374359131,0.29036077857017517,0.24732817709445953,0.4083964228630066,0.3155936598777771
0.1760547161102295,-0.14583683013916016,0.09881088137626648,0.2122284173965454,0.2264753133058548
0.3218889832496643,0.2893492877483368,0.24569949507713318,0.4075544476509094,0.3149595260620117
0.17801614105701447,-0.14637327194213867,0.10103432089090347,0.2139662206172943,0.22536137700080872
0.32319334149360657,0.2900276780128479,0.24734307825565338,0.40893006324768066,0.3161863386631012
0.17741400003433228,-0.14480888843536377,0.09956401586532593,0.21100033819675446,0.22321592271327972
0.32285070419311523,0.29085808992385864,0.24760285019874573,0.4074432849884033,0.31431108713150024
0.1787748634815216,-0.14445620775222778,0.10096124559640884,0.21334166824817657,0.22484368085861206
0.3222721517086029,0.2902644872665405,0.24687924981117249,0.40699508786201477,0.3134874701499939
0.1783197522163391,-0.14594793319702148,0.10120703279972076,0.21311011910438538,0.22493784129619598
0.3234153985977173,0.29050132632255554,0.24612872302532196,0.4080626368522644,0.31402426958084106
0.17865870893001556,-0.14630049467086792,0.09978470206260681,0.21450498700141907,0.22409188747406006
0.32201850414276123,0.2894311845302582,0.24625076353549957,0.407577782869339,0.31510335206985474
0.17785421013832092,-0.1469709426164627,0.09951456636190414,0.21281126141548157,0.2245676964521408
0.3219733238220215,0.2895280718803406,0.2458578497171402,0.40758800506591797,0.3149716854095459
0.1797894835472107,-0.14604881405830383,0.1007777601480484,0.21430206298828125,0.22526808083057404
0.3223066031932831,0.29007747769355774,0.2461671531200409,0.40791216492652893,0.31625598669052124
0.17945459485054016,-0.14592699706554413,0.10024474561214447,0.21338878571987152,0.22453200817108154
0.3225904703140259,0.2897053360939026,0.24590027332305908,0.40826016664505005,0.31640660762786865
0.1788713037967682,-0.14616774022579193,0.1002289280295372,0.21261431276798248,0.224344402551651
0.322040855884552,0.29082179069519043,0.24797621369361877,0.4081759452819824,0.31697356700897217
0.1787993609905243,-0.1453932523727417,0.10053329169750214,0.21199855208396912,0.2256626933813095
0.32158899307250977,0.29027456045150757,0.24578282237052917,0.40691399574279785,0.31583738327026367
0.17614369094371796,-0.14648741483688354,0.09926716983318329,0.20947319269180298,0.22287562489509583
0.3214065432548523,0.28908079862594604,0.24527519941329956,0.4066910147666931,0.31589749455451965
0.17770160734653473,-0.14576801657676697,0.09897495806217194,0.21186783909797668,0.224559485912323
0.3223259449005127,0.29060566425323486,0.24628198146820068,0.40818852186203003,0.3164529800415039
0.17780785262584686,-0.14520145952701569,0.0991206243634224,0.21137914061546326,0.2247282713651657
0.3223990797996521,0.2902529239654541,0.24595001339912415,0.408497154712677,0.3151591718196869
0.1773545742034912,-0.14638400077819824,0.09848180413246155,0.2118721306324005,0.2271709144115448
0.32222238183021545,0.2897489666938782,0.24615344405174255,0.40823429822921753,0.3159269690513611
0.17839357256889343,-0.14533096551895142,0.09993067383766174,0.2117096483707428,0.22770242393016815
0.32232630252838135,0.2897178530693054,0.24592144787311554,0.40907496213912964,0.31605276465415955
0.17698687314987183,-0.14697274565696716,0.09898104518651962,0.21168255805969238,0.22458136081695557
0.3227456212043762,0.290021687746048,0.24551531672477722,0.40854382514953613,0.3148682117462158
0.17827273905277252,-0.14632678031921387,0.0981098860502243,0.21200889348983765,0.22590363025665283
0.32257717847824097,0.29040807485580444,0.2465815544128418,0.40839672088623047,0.31584805250167847
0.17737004160881042,-0.1470739245414734,0.09795863926410675,0.21024972200393677,0.22492358088493347
0.32286763191223145,0.29002606868743896,0.2461368441581726,0.4089462459087372,0.31710320711135864
0.17810210585594177,-0.14532554149627686,0.09826788306236267,0.2119239866733551,0.22490724921226501
0.32264184951782227,0.2896832823753357,0.2456032931804657,0.4082556366920471,0.3165639042854309
0.17760509252548218,-0.14790968596935272,0.0982084572315216,0.2108723521232605,0.2267608493566513
0.3229759931564331,0.290452241897583,0.24701955914497375,0.4097983241081238,0.31638771295547485
0.17906871438026428,-0.1480618268251419,0.09829963743686676,0.21172881126403809,0.22552698850631714
0.32199418544769287,0.28975626826286316,0.24745085835456848,0.4085308909416199,0.3144243359565735
0.17867282032966614,-0.1460297554731369,0.09736797958612442,0.21070605516433716,0.22451631724834442
0.3221208155155182,0.28949353098869324,0.24686580896377563,0.4081559181213379,0.31747230887413025
0.17405928671360016,-0.14705458283424377,0.09729158133268356,0.20757856965065002,0.22428388893604279
0.32338327169418335,0.29037320613861084,0.2482697069644928,0.4096170663833618,0.31751567125320435
0.17601937055587769,-0.14600257575511932,0.09950220584869385,0.2094651758670807,0.2258654087781906
0.32223817706108093,0.2893584370613098,0.2474881112575531,0.4083072543144226,0.31508952379226685
0.17656174302101135,-0.1468636840581894,0.09750647842884064,0.20843765139579773,0.22299963235855103
0.3231464922428131,0.2904191017150879,0.2473618984222412,0.40901851654052734,0.31514304876327515
0.1779099702835083,-0.14727187156677246,0.09998638927936554,0.20996582508087158,0.22377395629882812
0.32198435068130493,0.28948789834976196,0.2468370795249939,0.40831732749938965,0.31440550088882446
0.17744818329811096,-0.14655199646949768,0.09928242862224579,0.20900069177150726,0.22262895107269287
0.322917640209198,0.2891196608543396,0.24658969044685364,0.4078928530216217,0.3143457770347595
0.1788068562746048,-0.14687398076057434,0.0993390902876854,0.21199920773506165,0.22438398003578186
0.3228205144405365,0.28982406854629517,0.2471180409193039,0.40856292843818665,0.31523221731185913
0.17790868878364563,-0.14822521805763245,0.09884785115718842,0.20975908637046814,0.2243054211139679
0.3225076198577881,0.2893010973930359,0.24693897366523743,0.4078834652900696,0.31428319215774536
0.17722053825855255,-0.14767897129058838,0.09717878699302673,0.20843881368637085,0.22360028326511383
0.32258012890815735,0.2897241711616516,0.24693146347999573,0.4078526794910431,0.31472307443618774
0.17538349330425262,-0.14785420894622803,0.09779256582260132,0.20628687739372253,0.22313082218170166
0.322182297706604,0.28955888748168945,0.24673564732074738,0.4079906940460205,0.3146928548812866
0.17707598209381104,-0.14788055419921875,0.09969423711299896,0.21036887168884277,0.22513557970523834
0.32193049788475037,0.2900243401527405,0.2479308545589447,0.40860459208488464,0.31403496861457825
0.17652097344398499,-0.14726711809635162,0.09608138352632523,0.20934638381004333,0.22500409185886383
0.3220929503440857,0.28888317942619324,0.24679157137870789,0.407611221075058,0.3145018219947815
0.1774032711982727,-0.14834094047546387,0.09879317879676819,0.20828543603420258,0.2244279980659485
0.32215237617492676,0.2885236144065857,0.24735066294670105,0.4079083502292633,0.3139451742172241
0.17949415743350983,-0.14631319046020508,0.10087853670120239,0.21214959025382996,0.2284473478794098
0.3216685652732849,0.2887263894081116,0.24688026309013367,0.40761759877204895,0.31329864263534546
0.17798088490962982,-0.14745011925697327,0.09892556816339493,0.21089120209217072,0.22660468518733978
0.32243210077285767,0.2883431315422058,0.24600785970687866,0.4090856909751892,0.3134946823120117
0.17582522332668304,-0.14723631739616394,0.09736641496419907,0.2117970883846283,0.2266295999288559
0.32244259119033813,0.28814896941185,0.24739998579025269,0.40934693813323975,0.3146831691265106
0.17611368000507355,-0.14732778072357178,0.09749850630760193,0.20946937799453735,0.22511190176010132
0.32272395491600037,0.28923457860946655,0.24800920486450195,0.4089760184288025,0.313962459564209
0.17797526717185974,-0.1471080183982849,0.09867380559444427,0.21202361583709717,0.22807645797729492
0.3227580487728119,0.289066344499588,0.2480626106262207,0.4097381830215454,0.3140125870704651
0.17841291427612305,-0.14733608067035675,0.09896723926067352,0.21220678091049194,0.22636494040489197
0.3226538896560669,0.2890176773071289,0.24700677394866943,0.4082236886024475,0.3136183023452759
0.17645685374736786,-0.14751115441322327,0.09860367327928543,0.2102934718132019,0.22582891583442688
0.3226572275161743,0.28886863589286804,0.24694159626960754,0.4084955155849457,0.31329718232154846
0.17679542303085327,-0.1468382030725479,0.09903621673583984,0.2103518843650818,0.2265709936618805
0.3230289816856384,0.2883412837982178,0.24653708934783936,0.40852218866348267,0.31360623240470886
0.17445744574069977,-0.14702652394771576,0.09877090901136398,0.20835168659687042,0.2274017482995987
0.32200849056243896,0.288430392742157,0.245602548122406,0.408658504486084,0.31305867433547974
0.17393019795417786,-0.14795716106891632,0.09734464436769485,0.20974776148796082,0.22680512070655823
0.32272616028785706,0.2889309525489807,0.24702845513820648,0.4075506329536438,0.31184816360473633
0.17400196194648743,-0.1479203999042511,0.09711575508117676,0.20804646611213684,0.2278553992509842
0.3225449025630951,0.2896919548511505,0.2463759183883667,0.4085690677165985,0.3141005337238312
0.17401596903800964,-0.14783065021038055,0.0965120792388916,0.2090802639722824,0.224785715341568
0.3223276138305664,0.2895793318748474,0.2478608787059784,0.40848618745803833,0.31442791223526
0.17387495934963226,-0.1487465500831604,0.09645313024520874,0.2082338035106659,0.22391614317893982
0.32209300994873047,0.28843629360198975,0.24571380019187927,0.40799131989479065,0.3115971088409424
0.17388299107551575,-0.14730587601661682,0.09712199866771698,0.2076074182987213,0.22533532977104187
0.3235422372817993,0.28833436965942383,0.24715173244476318,0.40936291217803955,0.31545722484588623
0.17489710450172424,-0.14838990569114685,0.09635557234287262,0.20900049805641174,0.22377361357212067
0.3222959339618683,0.2881576120853424,0.2458919882774353,0.4077056348323822,0.3135724663734436
0.17433671653270721,-0.14724206924438477,0.09824749082326889,0.20752494037151337,0.22552034258842468
0.32221025228500366,0.2884365916252136,0.24664776027202606,0.4072425365447998,0.313838392496109
0.1730324625968933,-0.14709019660949707,0.09850402176380157,0.20779046416282654,0.2246154546737671
0.3229580521583557,0.2892451882362366,0.24685394763946533,0.40815460681915283,0.3145332634449005
0.1754126250743866,-0.14790049195289612,0.09839405864477158,0.21163934469223022,0.22549742460250854
0.3230777084827423,0.28848573565483093,0.24689704179763794,0.4080212414264679,0.314224511384964
0.1764473170042038,-0.14817841351032257,0.09878604114055634,0.21115751564502716,0.22586725652217865
0.3224572241306305,0.2887822389602661,0.24726715683937073,0.4074138402938843,0.31390172243118286
0.17684221267700195,-0.14690998196601868,0.09893476217985153,0.21164429187774658,0.2239154428243637
0.32190197706222534,0.2877808213233948,0.24724629521369934,0.4079774022102356,0.31411927938461304
0.17491990327835083,-0.1476968228816986,0.09731475263834,0.21001482009887695,0.22447675466537476
0.32216137647628784,0.2874653935432434,0.24608871340751648,0.4076468050479889,0.3136220872402191
0.1747862994670868,-0.1480018049478531,0.09819170087575912,0.2113003134727478,0.22581762075424194
0.3215080499649048,0.28811007738113403,0.2454221397638321,0.40755271911621094,0.31450510025024414
0.17498834431171417,-0.14896412193775177,0.09873511642217636,0.21059344708919525,0.22279083728790283
0.32225197553634644,0.28777459263801575,0.24575865268707275,0.4079682230949402,0.3130916357040405
0.17662137746810913,-0.14755600690841675,0.09755180031061172,0.21214231848716736,0.22493800520896912
0.32165393233299255,0.2877503037452698,0.24674110114574432,0.4084767699241638,0.31330007314682007
0.17541618645191193,-0.14886170625686646,0.09732382744550705,0.20966213941574097,0.22486063838005066
0.3219560384750366,0.2877652645111084,0.24515767395496368,0.4078742265701294,0.31346529722213745
0.17608606815338135,-0.1479690968990326,0.09878195822238922,0.2109849452972412,0.22359076142311096
0.32215455174446106,0.2872035801410675,0.24565592408180237,0.40830087661743164,0.3138100802898407
0.17488545179367065,-0.14871874451637268,0.10020602494478226,0.21159982681274414,0.22543422877788544
0.3222917914390564,0.2874121069908142,0.24621164798736572,0.40818411111831665,0.3137105107307434
0.17682625353336334,-0.1480897068977356,0.0999341681599617,0.21043367683887482,0.22445279359817505
0.3223201334476471,0.2879496216773987,0.24529477953910828,0.4075143337249756,0.31283116340637207
0.17824259400367737,-0.14784085750579834,0.10063029080629349,0.21294280886650085,0.22575342655181885
0.32251039147377014,0.28730112314224243,0.24598267674446106,0.40804386138916016,0.31267049908638
0.17771457135677338,-0.1469726413488388,0.10131675004959106,0.21231940388679504,0.22847947478294373
0.32207155227661133,0.2878820300102234,0.24600452184677124,0.4082966446876526,0.3130558729171753
0.17699125409126282,-0.14672642946243286,0.10083477199077606,0.21350330114364624,0.22726118564605713
0.32138895988464355,0.2869326174259186,0.2454407513141632,0.4067322611808777,0.3130239248275757
0.1767757534980774,-0.14879420399665833,0.09974595159292221,0.2104758322238922,0.22581033408641815
0.3220834732055664,0.2876410484313965,0.24604946374893188,0.40771031379699707,0.3130369782447815
0.17627428472042084,-0.1479947715997696,0.09955194592475891,0.21072843670845032,0.2264777421951294
0.3222746253013611,0.2873882055282593,0.24559932947158813,0.40769854187965393,0.31278541684150696
0.17750318348407745,-0.14759045839309692,0.0994911789894104,0.21305976808071136,0.22538644075393677
0.32116737961769104,0.2881178557872772,0.24497027695178986,0.40682417154312134,0.3121758699417114
0.1777835488319397,-0.1484924554824829,0.09993509948253632,0.2143016755580902,0.2257164567708969
0.32185131311416626,0.28771358728408813,0.24558725953102112,0.4063013195991516,0.31188133358955383
0.17890967428684235,-0.1477055698633194,0.10038966685533524,0.21418951451778412,0.22634541988372803
0.3211551904678345,0.28752902150154114,0.24559664726257324,0.40649962425231934,0.31256136298179626
0.17695727944374084,-0.14944617450237274,0.09902495890855789,0.21279996633529663,0.22552353143692017
0.32131585478782654,0.28744423389434814,0.24584470689296722,0.4074316620826721,0.3133108913898468
0.1746995896100998,-0.14926156401634216,0.09804455935955048,0.209764301776886,0.2248130738735199
0.32192131876945496,0.2878352105617523,0.24502506852149963,0.40671467781066895,0.3120191991329193
0.17375196516513824,-0.14911887049674988,0.09832561016082764,0.21072012186050415,0.22649577260017395
0.320942223072052,0.2882206439971924,0.2454652339220047,0.40641510486602783,0.3131145238876343
0.1744074672460556,-0.14900684356689453,0.09884128719568253,0.21140828728675842,0.22575071454048157
0.3217434287071228,0.2875434458255768,0.2458195686340332,0.407159686088562,0.31273549795150757
0.17676933109760284,-0.14750763773918152,0.09997590631246567,0.21248498558998108,0.22619903087615967
0.32148247957229614,0.28783896565437317,0.24658417701721191,0.407187819480896,0.31340280175209045
0.1761312484741211,-0.14806222915649414,0.09942471981048584,0.21148109436035156,0.2267417311668396
0.32157933712005615,0.2881578207015991,0.24583885073661804,0.407259076833725,0.31258147954940796
0.1769840270280838,-0.1491667926311493,0.09988659620285034,0.21272578835487366,0.2255350649356842
0.3218674063682556,0.2870771288871765,0.24577882885932922,0.40713927149772644,0.31291159987449646
0.17749960720539093,-0.1490587741136551,0.10018552839756012,0.21282586455345154,0.22685924172401428
0.32176876068115234,0.2871384918689728,0.24523437023162842,0.40703457593917847,0.3131730258464813
0.17786982655525208,-0.14873456954956055,0.10053113102912903,0.21373747289180756,0.22629429399967194
0.3217385411262512,0.2871508002281189,0.24632605910301208,0.4071943759918213,0.3140409588813782
0.1750052124261856,-0.14993001520633698,0.09917957335710526,0.21259266138076782,0.22586530447006226
0.3218449652194977,0.2877100706100464,0.24543586373329163,0.40676963329315186,0.31217432022094727
0.17610898613929749,-0.14967721700668335,0.09898249804973602,0.2119031399488449,0.2242499589920044
0.32141774892807007,0.2868174910545349,0.24611742794513702,0.4075544476509094,0.31350648403167725
0.1751410961151123,-0.15064337849617004,0.09810319542884827,0.20938606560230255,0.22653436660766602
0.32186242938041687,0.286746084690094,0.24561117589473724,0.4079156219959259,0.31371480226516724
0.174923837184906,-0.1500394344329834,0.09724659472703934,0.21011051535606384,0.2258342206478119
0.32144448161125183,0.28694021701812744,0.24669381976127625,0.40759238600730896,0.3142631947994232
0.17366527020931244,-0.14961567521095276,0.10006966441869736,0.20880752801895142,0.22747331857681274
0.3218877911567688,0.28767314553260803,0.24588462710380554,0.4072157144546509,0.3116517663002014
0.1756315529346466,-0.1491541564464569,0.09814643114805222,0.21093714237213135,0.22596357762813568
0.3217472434043884,0.28645098209381104,0.2450558841228485,0.4073004126548767,0.3121425211429596
0.1777910739183426,-0.14911971986293793,0.09952764213085175,0.21245428919792175,0.22805941104888916
0.32142263650894165,0.286051869392395,0.24549204111099243,0.4061647653579712,0.3133370876312256
0.1747477948665619,-0.14859147369861603,0.09866246581077576,0.2110871970653534,0.22384008765220642
0.32089948654174805,0.2863570749759674,0.24642963707447052,0.40610453486442566,0.3134673535823822
0.17662358283996582,-0.14921855926513672,0.09954267740249634,0.211320161819458,0.22556042671203613
0.32151103019714355,0.2869266867637634,0.2469029575586319,0.40793588757514954,0.3133201599121094
0.1770990937948227,-0.149806946516037,0.10038834065198898,0.2109474539756775,0.2264576405286789
0.3216460347175598,0.28731632232666016,0.2461596429347992,0.408025860786438,0.3125250041484833
0.17489193379878998,-0.14982286095619202,0.09989090263843536,0.2100760042667389,0.2282852977514267
0.32107481360435486,0.2863351106643677,0.24511682987213135,0.4077584147453308,0.31444424390792847
0.17651009559631348,-0.14952853322029114,0.09923584759235382,0.20981690287590027,0.22710812091827393
0.3218710720539093,0.2868061661720276,0.2463759183883667,0.40728095173835754,0.31268781423568726
0.1774752289056778,-0.14834406971931458,0.10047762095928192,0.21395614743232727,0.22791121900081635
0.32060062885284424,0.2861195206642151,0.24513894319534302,0.40673407912254333,0.3135983645915985
0.17734412848949432,-0.14895054697990417,0.10078763961791992,0.21305987238883972,0.22711654007434845
0.32098978757858276,0.286143958568573,0.24487459659576416,0.4071376919746399,0.313474178314209
0.17790377140045166,-0.14915448427200317,0.1015588641166687,0.21410253643989563,0.2298632562160492
0.32021570205688477,0.2848564386367798,0.2443280816078186,0.4063158631324768,0.31454718112945557
0.1783958077430725,-0.14969873428344727,0.10044362396001816,0.21264588832855225,0.22936083376407623
0.32072216272354126,0.2851707935333252,0.24502837657928467,0.4064931273460388,0.3129711151123047
0.17696070671081543,-0.15022623538970947,0.10003336519002914,0.21097707748413086,0.22897547483444214
0.32038620114326477,0.28466707468032837,0.2453359216451645,0.40698882937431335,0.3127022981643677
0.17719541490077972,-0.1503044068813324,0.10048480331897736,0.21256123483181,0.22826692461967468
0.3203243017196655,0.2852327823638916,0.24609029293060303,0.4066869616508484,0.3129578232765198
0.1796114295721054,-0.14890554547309875,0.10183195769786835,0.21321183443069458,0.2314772605895996
0.3212805390357971,0.2853533625602722,0.24639058113098145,0.40737104415893555,0.3130900263786316
0.17601168155670166,-0.1503596156835556,0.10058645904064178,0.21160823106765747,0.22811581194400787
0.32048094272613525,0.2853090167045593,0.24589765071868896,0.40693432092666626,0.31466710567474365
0.17652344703674316,-0.14988604187965393,0.10052739828824997,0.2138686627149582,0.23246702551841736
0.3198286294937134,0.28395846486091614,0.24444298446178436,0.4059097468852997,0.31303393840789795
0.17521682381629944,-0.15097549557685852,0.10011263936758041,0.20963162183761597,0.22753842175006866
0.3204686641693115,0.2853873372077942,0.24604082107543945,0.4066167175769806,0.31309831142425537
0.17601026594638824,-0.1518377959728241,0.09922058880329132,0.2083151787519455,0.22814136743545532
0.320935994386673,0.286113440990448,0.24494300782680511,0.4067712724208832,0.3145126700401306
0.1776866614818573,-0.15007400512695312,0.0999777764081955,0.21185705065727234,0.22759968042373657
0.321668416261673,0.2856484651565552,0.24606312811374664,0.40782734751701355,0.3138847351074219
0.1773093193769455,-0.15026327967643738,0.09970090538263321,0.211177796125412,0.22800540924072266
0.32076025009155273,0.28500616550445557,0.245529904961586,0.40625283122062683,0.31317776441574097
0.17617513239383698,-0.15094813704490662,0.10050736367702484,0.20869581401348114,0.22634285688400269
0.3211708664894104,0.28570556640625,0.2468051016330719,0.4073096513748169,0.31308043003082275
0.1761787235736847,-0.150865375995636,0.10021001100540161,0.21079163253307343,0.22846344113349915
0.32085463404655457,0.28516724705696106,0.24587854743003845,0.40629473328590393,0.3126160800457001
0.17666369676589966,-0.1489318609237671,0.09959162771701813,0.2092418521642685,0.22890156507492065
0.3214685618877411,0.286043643951416,0.2458227276802063,0.4073590636253357,0.3134540319442749
0.17618955671787262,-0.1501253843307495,0.09952817857265472,0.207172229886055,0.22861623764038086
0.32187339663505554,0.2862396240234375,0.2471064031124115,0.407611608505249,0.3130595088005066
0.17739304900169373,-0.1501968502998352,0.10021381080150604,0.2081339806318283,0.22731855511665344
0.32157742977142334,0.2861689031124115,0.24589824676513672,0.4068348705768585,0.3119463622570038
0.1758846938610077,-0.15084993839263916,0.09972965717315674,0.20967642962932587,0.2262779176235199
0.32072293758392334,0.28486695885658264,0.24607780575752258,0.40609484910964966,0.31042492389678955
0.17496326565742493,-0.15149898827075958,0.09936649352312088,0.2098717987537384,0.2265913039445877
0.3210723400115967,0.28533226251602173,0.24562236666679382,0.4060109555721283,0.3115791082382202
0.17362740635871887,-0.1508246213197708,0.09971886873245239,0.20773917436599731,0.22505971789360046
0.32053178548812866,0.285043329000473,0.24437861144542694,0.4060959219932556,0.3115619719028473
0.1759699434041977,-0.1496453881263733,0.10009292513132095,0.20983976125717163,0.2289465367794037
0.3212242126464844,0.2851065993309021,0.24562184512615204,0.4065592288970947,0.31145942211151123
0.17443189024925232,-0.15017157793045044,0.09938327968120575,0.2079773098230362,0.22691109776496887
0.32025477290153503,0.2844676077365875,0.2451745867729187,0.4062792956829071,0.3118464946746826
0.17387442290782928,-0.15087547898292542,0.10017037391662598,0.2089294195175171,0.22663773596286774
0.32032108306884766,0.28539860248565674,0.24536360800266266,0.40631943941116333,0.31186890602111816
0.176992267370224,-0.1509462296962738,0.10076071321964264,0.21025881171226501,0.22908258438110352
0.31983664631843567,0.2854529619216919,0.24475467205047607,0.40678560733795166,0.3099568784236908
0.17726631462574005,-0.15145665407180786,0.10188650339841843,0.21074557304382324,0.2276725172996521
0.3193892240524292,0.2836294174194336,0.24388940632343292,0.40666520595550537,0.3093685507774353
0.1791006326675415,-0.14958295226097107,0.10229700803756714,0.21117427945137024,0.22975942492485046
0.320413738489151,0.2846304774284363,0.24528509378433228,0.40688347816467285,0.31187617778778076
0.17680153250694275,-0.1500454843044281,0.10091446340084076,0.2116575539112091,0.22907915711402893
0.3186091184616089,0.2840733230113983,0.24452733993530273,0.405703067779541,0.3106640577316284
0.1779213398694992,-0.1503862887620926,0.10112709552049637,0.21187683939933777,0.22978103160858154
0.31928253173828125,0.28374558687210083,0.24456244707107544,0.40584033727645874,0.31065043807029724
0.17870165407657623,-0.1497713327407837,0.10085031390190125,0.21130582690238953,0.22968536615371704
0.3208049535751343,0.28470054268836975,0.24599236249923706,0.4068810045719147,0.3111358880996704
0.17747056484222412,-0.15058091282844543,0.09869545698165894,0.21072959899902344,0.22944842278957367
0.32070571184158325,0.28423118591308594,0.2457522600889206,0.4070894718170166,0.3116401433944702
0.1785195767879486,-0.14983658492565155,0.10089144855737686,0.20945164561271667,0.22859306633472443
0.3203262686729431,0.28404369950294495,0.245581716299057,0.40680280327796936,0.3106176257133484
0.17887473106384277,-0.14963454008102417,0.10194598138332367,0.21304407715797424,0.22983328998088837
0.3201514482498169,0.2839806079864502,0.24544662237167358,0.4068203568458557,0.31042158603668213
0.1788596510887146,-0.15023884177207947,0.10211813449859619,0.21103298664093018,0.23084621131420135
0.31913068890571594,0.2838401198387146,0.2454308420419693,0.4074462652206421,0.31083062291145325
0.1778320074081421,-0.15034162998199463,0.1006644070148468,0.21096080541610718,0.23177282512187958
0.3206135928630829,0.2840367555618286,0.24480202794075012,0.4067613184452057,0.31206202507019043
0.17861968278884888,-0.1509198248386383,0.1011621505022049,0.2124355435371399,0.2297002077102661
0.31930556893348694,0.28368520736694336,0.24431860446929932,0.40586283802986145,0.30991077423095703
0.177566260099411,-0.15008600056171417,0.10033764690160751,0.21051672101020813,0.22869837284088135
0.3201942443847656,0.2843059301376343,0.24574680626392365,0.40723636746406555,0.3118569254875183
0.17763687670230865,-0.15030544996261597,0.09962441027164459,0.2116747498512268,0.22770848870277405
