0.8161256909370422,0.4874974489212036,0.510464072227478,0.4632264971733093,0.5370869636535645,0.5230579376220703
0.5056338906288147,0.42383134365081787,0.42398351430892944,0.41050392389297485,0.4598015546798706,0.44295334815979004
0.7461147904396057,0.48054322600364685,0.5060504674911499,0.4552851617336273,0.5322589874267578,0.5157754421234131
0.3585619628429413,0.4104132652282715,0.3961406350135803,0.40122681856155396,0.4334864020347595,0.42380696535110474
0.6383823156356812,0.5137255787849426,0.5217771530151367,0.47356516122817993,0.630024790763855,0.5304586887359619
0.43601104617118835,0.3645745813846588,0.34443652629852295,0.37304311990737915,0.2897724509239197,0.3914680480957031
0.5672657489776611,0.4833492338657379,0.4937324821949005,0.4480298161506653,0.5876592397689819,0.5042247176170349
0.2789102792739868,0.3967856764793396,0.37275761365890503,0.39624062180519104,0.37587475776672363,0.40370863676071167
0.5967603325843811,0.44950324296951294,0.4573458135128021,0.4366297721862793,0.46708762645721436,0.5658154487609863
0.36645257472991943,0.37271592020988464,0.3378961980342865,0.3712430000305176,0.35245299339294434,0.23662889003753662
0.49641865491867065,0.5299705862998962,0.4882161617279053,0.47111526131629944,0.514018177986145,0.5641964673995972
0.3753075897693634,0.2792859375476837,0.31195759773254395,0.34680986404418945,0.32748302817344666,0.32298797369003296
0.57288658618927,0.48817604780197144,0.4557598829269409,0.4378558397293091,0.49706488847732544,0.40832945704460144
0.2847520112991333,0.29705649614334106,0.3034338355064392,0.3483557403087616,0.3151875436306,0.31204792857170105
0.484099417924881,0.510805070400238,0.47561466693878174,0.5104890465736389,0.5146637558937073,0.4592427611351013
0.34244757890701294,0.31212663650512695,0.31494152545928955,0.26841026544570923,0.3776715397834778,0.32110077142715454
0.5055484175682068,0.4803435802459717,0.4492262601852417,0.4739342927932739,0.46181052923202515,0.4496667683124542
0.3867422342300415,0.29570719599723816,0.28690868616104126,0.27644211053848267,0.26672226190567017,0.308881938457489
0.4679681062698364,0.4663461446762085,0.4384893476963043,0.45464086532592773,0.46419739723205566,0.4456295371055603
0.3364696204662323,0.31052836775779724,0.2988220155239105,0.29679471254348755,0.2862945795059204,0.31370481848716736
0.4458860754966736,0.4635646939277649,0.4394688010215759,0.4496004581451416,0.4699135422706604,0.44728708267211914
0.25492730736732483,0.340750515460968,0.32338958978652954,0.3252308666706085,0.3509092628955841,0.3305981159210205
0.4748251140117645,0.4542604982852936,0.42821693420410156,0.4389936923980713,0.4375096559524536,0.4463058412075043
0.3237639367580414,0.3161204755306244,0.29766762256622314,0.30910637974739075,0.2562521696090698,0.3140643239021301
0.44717100262641907,0.45432037115097046,0.4321032762527466,0.4380198121070862,0.4468173682689667,0.44456273317337036
0.2452760636806488,0.38601505756378174,0.3297928273677826,0.35023707151412964,0.3030569553375244,0.3356868624687195
0.48639029264450073,0.43362265825271606,0.4241466820240021,0.4332067370414734,0.4542596936225891,0.44848471879959106
0.3072175979614258,0.2916467785835266,0.2910027801990509,0.31273919343948364,0.27389806509017944,0.30847448110580444
0.4182548522949219,0.4631670415401459,0.4510740041732788,0.49332618713378906,0.4737173318862915,0.47329193353652954
0.3345458507537842,0.3078099489212036,0.3057019114494324,0.2923515737056732,0.29095059633255005,0.3231055736541748
0.4909350275993347,0.42272788286209106,0.4145771563053131,0.3743687570095062,0.44918766617774963,0.444705069065094
0.2680222690105438,0.30393826961517334,0.29855111241340637,0.29874831438064575,0.28659242391586304,0.31264615058898926
0.4109806418418884,0.43978649377822876,0.43180784583091736,0.41296201944351196,0.46480029821395874,0.5120273232460022
0.3088219165802002,0.3193102777004242,0.3024921715259552,0.31634849309921265,0.2998976707458496,0.2640531659126282
0.47370415925979614,0.4874540865421295,0.4399127960205078,0.42294925451278687,0.4815627336502075,0.39978963136672974
0.3252745270729065,0.287173330783844,0.2907240688800812,0.30848032236099243,0.29178887605667114,0.25846800208091736
0.5157539248466492,0.3869611620903015,0.40027227997779846,0.38372206687927246,0.4462418556213379,0.38942667841911316
0.25978967547416687,0.2951863706111908,0.29261791706085205,0.31372207403182983,0.29044604301452637,0.2715466618537903
0.4382585883140564,0.4367125332355499,0.4324025511741638,0.4546998143196106,0.475338339805603,0.42816421389579773
0.3036566972732544,0.30042487382888794,0.30233630537986755,0.2489774525165558,0.338182270526886,0.28830477595329285
0.4711979627609253,0.419012188911438,0.411022424697876,0.42473849654197693,0.42816904187202454,0.42435023188591003
0.3440465033054352,0.2880890369415283,0.279082715511322,0.26070886850357056,0.24267080426216125,0.27816247940063477
0.436580628156662,0.41775280237197876,0.41050440073013306,0.4161584973335266,0.4366038739681244,0.42780858278274536
0.258017897605896,0.3169964551925659,0.30848437547683716,0.2956414222717285,0.3176218867301941,0.3022315204143524
0.4658678472042084,0.41243451833724976,0.40303099155426025,0.40894457697868347,0.4065376818180084,0.4312240481376648
0.3200716972351074,0.29877084493637085,0.28511205315589905,0.2820221185684204,0.23321124911308289,0.2812129557132721
0.4403137266635895,0.4183679521083832,0.4087696373462677,0.41082221269607544,0.4225613474845886,0.43504786491394043
0.29088494181632996,0.3054981231689453,0.2868002951145172,0.28968188166618347,0.2530815899372101,0.2866998314857483
0.39434492588043213,0.48106852173805237,0.43960022926330566,0.4396335780620575,0.45691776275634766,0.46286264061927795
0.30858370661735535,0.2964012622833252,0.2900153696537018,0.2998899221420288,0.2675158977508545,0.2955440878868103
0.4647483825683594,0.38321298360824585,0.4014073610305786,0.3957372307777405,0.4263121783733368,0.4324997067451477
0.26327425241470337,0.3002556264400482,0.2875848114490509,0.3036035895347595,0.2670612931251526,0.28754353523254395
0.40088456869125366,0.4323689937591553,0.4319530427455902,0.461301326751709,0.455756276845932,0.4630526602268219
0.31276288628578186,0.3035316467285156,0.29560184478759766,0.24651330709457397,0.28432416915893555,0.3654656410217285
0.4522940516471863,0.4194909930229187,0.4177683889865875,0.4357447028160095,0.4500448703765869,0.39947324991226196
0.36504217982292175,0.30242663621902466,0.2876899242401123,0.2639985680580139,0.2828797996044159,0.23641571402549744
0.4084407091140747,0.4158681631088257,0.4141637086868286,0.4174231290817261,0.4457838535308838,0.4089369773864746
0.2624734044075012,0.3261159360408783,0.31028062105178833,0.29854995012283325,0.33792445063591003,0.27815109491348267
0.4395662844181061,0.40616628527641296,0.4051551818847656,0.40291789174079895,0.4109383821487427,0.4132097363471985
0.32434436678886414,0.3008643388748169,0.28341126441955566,0.2863277792930603,0.24310266971588135,0.26743292808532715
0.41046378016471863,0.4151589572429657,0.41051721572875977,0.40521255135536194,0.4246788024902344,0.41758352518081665
0.24517861008644104,0.3275735378265381,0.30747848749160767,0.310837984085083,0.31253695487976074,0.2926497757434845
0.4543410539627075,0.4482697546482086,0.41370099782943726,0.41193491220474243,0.38119402527809143,0.4337274730205536
0.3141580820083618,0.26234784722328186,0.2761695086956024,0.2889055609703064,0.2790127992630005,0.2774645686149597
0.41629913449287415,0.42864280939102173,0.4110139310359955,0.40515652298927307,0.4024311602115631,0.42635804414749146
0.23324355483055115,0.3437419533729553,0.31155192852020264,0.3275785446166992,0.30817532539367676,0.3026224374771118
0.45486849546432495,0.4085705578327179,0.40560948848724365,0.4026128053665161,0.41032516956329346,0.43184027075767517
0.2937776446342468,0.2606533169746399,0.2771182954311371,0.29587286710739136,0.2795555591583252,0.27986782789230347
0.3905729055404663,0.4409344792366028,0.4327699542045593,0.4592031240463257,0.44105544686317444,0.45764970779418945
0.31840676069259644,0.28346148133277893,0.29299360513687134,0.28106266260147095,0.2937835156917572,0.29625704884529114
0.4648837447166443,0.40713369846343994,0.40016016364097595,0.35509830713272095,0.42116281390190125,0.43516260385513306
0.26556196808815,0.28609853982925415,0.2878771424293518,0.2886161208152771,0.28938305377960205,0.28690364956855774
0.3934686779975891,0.4316136837005615,0.41843846440315247,0.38712701201438904,0.472797691822052,0.44644078612327576
0.29194849729537964,0.29395750164985657,0.290451318025589,0.2986462116241455,0.25339215993881226,0.29631561040878296
0.43471628427505493,0.4291623830795288,0.4127874970436096,0.43022802472114563,0.4054335653781891,0.4510090947151184
0.3373662531375885,0.29699814319610596,0.29864633083343506,0.2369762361049652,0.27423298358917236,0.3665393590927124
0.47314366698265076,0.416925311088562,0.4036422669887543,0.4164644181728363,0.40994685888290405,0.3868555426597595
0.3923485279083252,0.29512736201286316,0.28829652070999146,0.25641825795173645,0.2785190939903259,0.22877296805381775
0.41107144951820374,0.41478195786476135,0.40480929613113403,0.4005359709262848,0.4172842502593994,0.40069490671157837
0.2809305489063263,0.3211491107940674,0.3129357397556305,0.2944640517234802,0.3293263912200928,0.27028870582580566
0.4442731440067291,0.4081949293613434,0.39796024560928345,0.3929430842399597,0.38543713092803955,0.40546804666519165
0.34215521812438965,0.3003759980201721,0.2878800630569458,0.28145086765289307,0.24007368087768555,0.2626258134841919
0.4100011885166168,0.4148537218570709,0.4035770893096924,0.3946727514266968,0.40250903367996216,0.4115945100784302
0.2584317922592163,0.36498093605041504,0.31922048330307007,0.3187378942966461,0.2908204197883606,0.29619520902633667
0.44757091999053955,0.3934326469898224,0.4011426568031311,0.3901387155056,0.4087945520877838,0.41665560007095337
0.3173903822898865,0.2762598991394043,0.2787507474422455,0.2855854630470276,0.26191943883895874,0.2674349844455719
0.40953463315963745,0.4010871648788452,0.4035508632659912,0.38908517360687256,0.415683388710022,0.41908207535743713
0.23632675409317017,0.3136197626590729,0.3043295741081238,0.32086730003356934,0.2881871461868286,0.3558617830276489
0.4533613622188568,0.39889228343963623,0.40092548727989197,0.39133548736572266,0.4188007414340973,0.37158727645874023
0.31490054726600647,0.30445605516433716,0.2898319959640503,0.3051804304122925,0.28158342838287354,0.22690927982330322
0.4073912501335144,0.40604493021965027,0.4030833840370178,0.38968706130981445,0.42357346415519714,0.38477247953414917
0.2351459413766861,0.32643964886665344,0.31468382477760315,0.3267543613910675,0.33260858058929443,0.2697109580039978
0.43848592042922974,0.39724528789520264,0.39669084548950195,0.38262590765953064,0.3912489116191864,0.3898159861564636
0.30268388986587524,0.3034482002258301,0.286836177110672,0.3057958483695984,0.2404034584760666,0.2575101852416992
0.3783663213253021,0.43181681632995605,0.4246984124183655,0.44818806648254395,0.43012285232543945,0.4272586405277252
0.3245142698287964,0.315336138010025,0.2994835674762726,0.29041188955307007,0.26433730125427246,0.2814362943172455
0.44974789023399353,0.39685964584350586,0.39228326082229614,0.3425573408603668,0.4111577272415161,0.4032687842845917
0.26781368255615234,0.3100964426994324,0.2895781397819519,0.29601240158081055,0.2671988010406494,0.27729082107543945
0.3852236270904541,0.4603383541107178,0.4243431091308594,0.3886274993419647,0.4421941936016083,0.4317930042743683
0.2974172830581665,0.2960129976272583,0.29061901569366455,0.30126529932022095,0.27602308988571167,0.28150737285614014
0.4222570061683655,0.390573114156723,0.4090288281440735,0.418368399143219,0.4344249367713928,0.42686277627944946
0.33143600821495056,0.2973496913909912,0.2960786819458008,0.2378469705581665,0.31858786940574646,0.2902269959449768
0.4822717607021332,0.3695613145828247,0.3813350796699524,0.37651023268699646,0.36028310656547546,0.40410077571868896
0.2713717222213745,0.30106139183044434,0.2917628288269043,0.2674342095851898,0.3020423650741577,0.28535059094429016
0.3982383906841278,0.4070111811161041,0.40430620312690735,0.39166444540023804,0.43197423219680786,0.42464500665664673
0.299297034740448,0.30232495069503784,0.2914356589317322,0.280374675989151,0.26318883895874023,0.2878163456916809
0.441764235496521,0.4348428249359131,0.4059250056743622,0.39432454109191895,0.374438613653183,0.4342539310455322
0.3500053584575653,0.24666208028793335,0.2704707384109497,0.27079567313194275,0.2609882354736328,0.2793140411376953
0.4056822657585144,0.4182898998260498,0.4023260474205017,0.38838106393814087,0.3910258114337921,0.42746493220329285
0.2527604401111603,0.29390111565589905,0.30025774240493774,0.3121236264705658,0.29060161113739014,0.36171483993530273
0.4539371132850647,0.4095534086227417,0.3979834020137787,0.386993408203125,0.4011995494365692,0.3735664486885071
0.33093032240867615,0.28920409083366394,0.28611522912979126,0.3022649586200714,0.2836906313896179,0.2322305142879486
0.40310877561569214,0.41147327423095703,0.3982357680797577,0.38197097182273865,0.4050760269165039,0.3841027021408081
0.24890324473381042,0.3540487587451935,0.31436043977737427,0.33238330483436584,0.31144505739212036,0.27307409048080444
0.442985475063324,0.39141935110092163,0.3972969651222229,0.38087618350982666,0.4086770713329315,0.3958893120288849
0.30864956974983215,0.26454395055770874,0.27588942646980286,0.2978193759918213,0.27760249376296997,0.2535661458969116
0.406864732503891,0.4002896547317505,0.39955031871795654,0.3788977563381195,0.4142644703388214,0.4002547264099121
0.23946090042591095,0.3035847842693329,0.30463314056396484,0.32799646258354187,0.332048237323761,0.2863840162754059
0.4333244264125824,0.391567587852478,0.3919386863708496,0.37212663888931274,0.38449859619140625,0.40158677101135254
0.30640891194343567,0.28603845834732056,0.2838766574859619,0.307975172996521,0.2446722835302353,0.2725013792514801
0.37190788984298706,0.43054884672164917,0.4212099015712738,0.4377078413963318,0.4234240651130676,0.43502721190452576
0.32298725843429565,0.3024156987667084,0.2950088381767273,0.2944949269294739,0.2681120038032532,0.29294830560684204
0.450579971075058,0.39605432748794556,0.39082616567611694,0.3328036665916443,0.40496695041656494,0.4104900360107422
0.2706376910209656,0.30120164155960083,0.28882265090942383,0.2994083762168884,0.27285951375961304,0.2847937047481537
0.3824337422847748,0.45651775598526,0.41929975152015686,0.37724360823631287,0.4321979284286499,0.43624091148376465
0.2986947000026703,0.28726375102996826,0.2900483012199402,0.3045424818992615,0.27933964133262634,0.2872181534767151
0.420120507478714,0.388522207736969,0.4087234437465668,0.4094088077545166,0.4248596131801605,0.4318505525588989
0.33587485551834106,0.2911786437034607,0.2955681383609772,0.24273598194122314,0.2884500324726105,0.3512839376926422
0.4587348699569702,0.38545534014701843,0.39796894788742065,0.3960707187652588,0.4222750663757324,0.3713949918746948
0.38163304328918457,0.2930423617362976,0.2869115471839905,0.2615552544593811,0.2874715328216553,0.22370575368404388
0.4015656113624573,0.3903183937072754,0.3942713141441345,0.3791094720363617,0.4203330874443054,0.3828094005584717
0.27226054668426514,0.31928205490112305,0.3134154975414276,0.2993629276752472,0.3378199338912964,0.26582005620002747
0.4325825870037079,0.38310113549232483,0.38583171367645264,0.36931589245796204,0.3854190409183502,0.3877483010292053
0.33449605107307434,0.29736360907554626,0.28693222999572754,0.2889781594276428,0.24089986085891724,0.258797824382782
0.3966461420059204,0.39332517981529236,0.3900766968727112,0.3720037341117859,0.4045200049877167,0.3964053988456726
0.25527775287628174,0.3241533935070038,0.31454506516456604,0.31361550092697144,0.31135082244873047,0.28160360455513
0.4375271201133728,0.42395496368408203,0.3952372372150421,0.37936002016067505,0.3599659204483032,0.4126463532447815
0.3227766752243042,0.2616482973098755,0.28710314631462097,0.296995609998703,0.27987825870513916,0.2704963684082031
0.4006998538970947,0.4075879156589508,0.394376277923584,0.3727184534072876,0.38334348797798157,0.4062957465648651
0.244361013174057,0.33909815549850464,0.314816951751709,0.3285156488418579,0.3084995150566101,0.2924923896789551
0.4355624318122864,0.3878362476825714,0.391950398683548,0.3744960427284241,0.39183270931243896,0.4113893508911133
0.3058761954307556,0.2571103572845459,0.2797289490699768,0.29797887802124023,0.27793577313423157,0.2720668911933899
0.39918968081474304,0.39519137144088745,0.3954474925994873,0.3718063235282898,0.39717406034469604,0.4063895344734192
0.22806409001350403,0.2998470067977905,0.3071247935295105,0.3303239345550537,0.3051992654800415,0.35068219900131226
0.44415712356567383,0.3955981731414795,0.39785996079444885,0.37827417254447937,0.40680429339408875,0.36355000734329224
0.3114413619041443,0.29556721448898315,0.29463016986846924,0.3169005811214447,0.29598209261894226,0.22858548164367676
0.3683698773384094,0.42145442962646484,0.41651105880737305,0.43265849351882935,0.43218934535980225,0.4015984535217285
0.3275676369667053,0.3091798722743988,0.3044159412384033,0.29614347219467163,0.30757075548171997,0.26399922370910645
0.4460335373878479,0.38742464780807495,0.38049232959747314,0.3269878625869751,0.4088224768638611,0.38502398133277893
0.26958712935447693,0.30444714426994324,0.299582839012146,0.3004921078681946,0.30337733030319214,0.2629668712615967
0.38061684370040894,0.4514428377151489,0.4151741564273834,0.3765803873538971,0.43882086873054504,0.4177932143211365
0.29684823751449585,0.28801968693733215,0.2939217984676361,0.3024033010005951,0.3018309473991394,0.2682299017906189
0.4163379967212677,0.38405129313468933,0.40166574716567993,0.4054430425167084,0.4278414249420166,0.4146706759929657
0.3341761529445648,0.2946823239326477,0.299500972032547,0.24215993285179138,0.34137195348739624,0.27576035261154175
0.4422358274459839,0.3763168752193451,0.39003562927246094,0.38098418712615967,0.3877333998680115,0.40916723012924194
0.36714333295822144,0.27950718998908997,0.27863240242004395,0.2546258568763733,0.24376621842384338,0.26569920778274536
0.3953185975551605,0.3893113136291504,0.39229756593704224,0.3742098808288574,0.3998938798904419,0.40729427337646484
0.2616384029388428,0.30679774284362793,0.3025549054145813,0.2958930730819702,0.27932125329971313,0.34531721472740173
0.43936464190483093,0.3888733983039856,0.3923525810241699,0.3793138563632965,0.4092712104320526,0.35740670561790466
0.3373580276966095,0.30061087012290955,0.2911384701728821,0.29089176654815674,0.27940505743026733,0.22099530696868896
0.3962461054325104,0.3947078585624695,0.39117521047592163,0.37221822142601013,0.4109603464603424,0.36791130900382996
0.2514609694480896,0.32440894842147827,0.31491830945014954,0.3156532347202301,0.33047914505004883,0.26188430190086365
0.4287434220314026,0.38642171025276184,0.38722166419029236,0.3671315312385559,0.38137608766555786,0.3765890300273895
0.31686824560165405,0.3035741448402405,0.2924196720123291,0.30123835802078247,0.24287839233875275,0.25531527400016785
0.39429375529289246,0.3922840356826782,0.3861420750617981,0.36933714151382446,0.3949429392814636,0.37900665402412415
0.25038447976112366,0.3308461010456085,0.3188238739967346,0.32492774724960327,0.3117709159851074,0.2813120484352112
0.43570244312286377,0.42408838868141174,0.3976637125015259,0.3781035542488098,0.354162335395813,0.3985029458999634
0.31409257650375366,0.26629745960235596,0.2904841899871826,0.30345338582992554,0.28257185220718384,0.2693444490432739
0.39633142948150635,0.40863877534866333,0.3919326364994049,0.3696196377277374,0.3790207505226135,0.3919808864593506
0.24129784107208252,0.3445759117603302,0.3206537067890167,0.33520177006721497,0.3112233281135559,0.29193633794784546
0.43369901180267334,0.38869112730026245,0.3930496275424957,0.37050187587738037,0.38908135890960693,0.40369465947151184
0.30217283964157104,0.26160669326782227,0.28533458709716797,0.3056235611438751,0.2829216718673706,0.27107179164886475
0.3684373199939728,0.4169885218143463,0.41350772976875305,0.4256073832511902,0.4164009392261505,0.4315832853317261
0.337191104888916,0.2838748097419739,0.2970607280731201,0.2551172375679016,0.295779824256897,0.34615588188171387
0.41399598121643066,0.403310626745224,0.40271425247192383,0.4037555456161499,0.41379812359809875,0.36997857689857483
0.37910526990890503,0.28716179728507996,0.28927335143089294,0.2740892767906189,0.295136034488678,0.2252543717622757
0.3684946298599243,0.4035314619541168,0.39890754222869873,0.3876188397407532,0.41308122873306274,0.3752903640270233
0.28184831142425537,0.31564128398895264,0.3131412863731384,0.3064517378807068,0.34233546257019043,0.2663232684135437
0.40700602531433105,0.3944846987724304,0.3914083242416382,0.3769732713699341,0.3796778917312622,0.38236525654792786
0.3407379686832428,0.2957114577293396,0.2930638790130615,0.2955700755119324,0.2540929913520813,0.25908905267715454
0.3764656186103821,0.39800894260406494,0.3918759822845459,0.3771390914916992,0.3940460681915283,0.3851022720336914
0.26240605115890503,0.3596947491168976,0.32100459933280945,0.3294248580932617,0.29941678047180176,0.28571051359176636
0.4126548171043396,0.37758669257164,0.3899315595626831,0.3752634525299072,0.3975744843482971,0.3922916650772095
0.32455405592918396,0.27490758895874023,0.2869640588760376,0.30156463384628296,0.27498549222946167,0.2679862678050995
0.3761862516403198,0.38655102252960205,0.39202696084976196,0.3732380270957947,0.4045918881893158,0.39361828565597534
0.25584179162979126,0.3126143515110016,0.31519395112991333,0.325281023979187,0.329511433839798,0.29213425517082214
0.407854288816452,0.38109391927719116,0.3885165750980377,0.3688058853149414,0.37652599811553955,0.39652591943740845
0.32178768515586853,0.29647237062454224,0.2949638068675995,0.31081902980804443,0.2465347945690155,0.2763369679450989
0.3801860213279724,0.38717806339263916,0.3873014450073242,0.36929863691329956,0.3914617896080017,0.39159294962882996
0.24257659912109375,0.32144713401794434,0.3127148747444153,0.3333781361579895,0.28000006079673767,0.35661154985427856
0.42742419242858887,0.3902675211429596,0.3931847810745239,0.3767731785774231,0.3996635377407074,0.3535533547401428
0.31951895356178284,0.3084542453289032,0.29573488235473633,0.3183145821094513,0.2775455713272095,0.23265352845191956
0.3816659152507782,0.3937762975692749,0.39192718267440796,0.37437087297439575,0.40413856506347656,0.3640604317188263
0.24570877850055695,0.33037078380584717,0.3175610303878784,0.3372920751571655,0.3272588551044464,0.2714570462703705
0.4254552125930786,0.3977234363555908,0.3941815495491028,0.41403982043266296,0.3578542172908783,0.38567763566970825
0.32433727383613586,0.3114296793937683,0.30425509810447693,0.2696887254714966,0.3067805767059326,0.2679417133331299
0.38073521852493286,0.39623385667800903,0.38955071568489075,0.3876364529132843,0.3785738945007324,0.3777981996536255
0.25054413080215454,0.37319478392601013,0.3299488425254822,0.3188306391239166,0.330436110496521,0.2944461703300476
0.41886162757873535,0.3780394494533539,0.3920106887817383,0.3837575912475586,0.38922318816185,0.3880966007709503
0.31093335151672363,0.28699976205825806,0.29299741983413696,0.2943651080131531,0.29759716987609863,0.2746223211288452
0.3819229006767273,0.38300788402557373,0.38909482955932617,0.37797534465789795,0.393155038356781,0.3826009929180145
0.24547234177589417,0.3223273754119873,0.32021206617355347,0.3198195993900299,0.3468300998210907,0.29930728673934937
0.41070449352264404,0.37622010707855225,0.3848152160644531,0.3695202171802521,0.3678025007247925,0.3862442374229431
0.31157031655311584,0.30547022819519043,0.29942023754119873,0.3078882694244385,0.2634580433368683,0.28452348709106445
0.37953323125839233,0.3840638995170593,0.38295990228652954,0.37013357877731323,0.3819302022457123,0.3851379156112671
0.233917698264122,0.32858169078826904,0.31818312406539917,0.3327072858810425,0.2969960570335388,0.3677041828632355
0.4239426851272583,0.3854755163192749,0.3867325186729431,0.37360039353370667,0.3917141556739807,0.347332239151001
0.31300902366638184,0.31949907541275024,0.30318230390548706,0.3221724033355713,0.29324567317962646,0.24471262097358704
0.35211944580078125,0.41949790716171265,0.41209572553634644,0.4344421923160553,0.4187900424003601,0.3895096778869629
0.3297763466835022,0.3260677754878998,0.3143589496612549,0.30120760202407837,0.30784231424331665,0.2716006338596344
0.42775750160217285,0.3868428170681,0.37633463740348816,0.32637453079223633,0.40015438199043274,0.367806613445282
0.27660244703292847,0.32173269987106323,0.30752211809158325,0.30790555477142334,0.3013478219509125,0.27054348587989807
0.36171868443489075,0.4493879973888397,0.41000446677207947,0.37484121322631836,0.4287649989128113,0.40295061469078064
0.304256796836853,0.30322104692459106,0.3029894530773163,0.31153273582458496,0.30303728580474854,0.27655085921287537
0.39906734228134155,0.381314754486084,0.3987170457839966,0.4070088863372803,0.4166055917739868,0.40239232778549194
0.33996641635894775,0.30565035343170166,0.30514398217201233,0.24941939115524292,0.34454643726348877,0.28503158688545227
0.4271138310432434,0.3757307529449463,0.3863202631473541,0.3804847002029419,0.37536048889160156,0.39260390400886536
0.37088072299957275,0.29575568437576294,0.28709885478019714,0.2652212381362915,0.2519559860229492,0.2793200612068176
0.3808973431587219,0.38047921657562256,0.38010257482528687,0.3705139756202698,0.3853479325771332,0.3880739212036133
0.2668335735797882,0.3205175995826721,0.31057262420654297,0.3048256039619446,0.288094699382782,0.35679012537002563
0.42539823055267334,0.3813862204551697,0.38123443722724915,0.37508827447891235,0.3923724889755249,0.33998990058898926
0.3416540026664734,0.3153088092803955,0.2992820739746094,0.30005496740341187,0.28805017471313477,0.2333286702632904
0.3794700503349304,0.3850732743740082,0.37979960441589355,0.36638879776000977,0.39589476585388184,0.35457509756088257
0.26126065850257874,0.3352474570274353,0.3227843642234802,0.3211001455783844,0.3392243981361389,0.2721424102783203
0.4072223901748657,0.37946662306785583,0.3781031370162964,0.3652111291885376,0.3690148890018463,0.3638548254966736
0.33120304346084595,0.31583309173583984,0.3036743402481079,0.3074476718902588,0.2564705014228821,0.2686486840248108
0.3735507130622864,0.38322049379348755,0.37660136818885803,0.3667231500148773,0.3796119689941406,0.3650445342063904
0.25790172815322876,0.37562161684036255,0.328544020652771,0.3378169536590576,0.29919883608818054,0.29364657402038574
0.4113514721393585,0.36729276180267334,0.38188064098358154,0.36765027046203613,0.38930562138557434,0.3759826123714447
0.31694602966308594,0.2910025119781494,0.2924083173274994,0.30707255005836487,0.27462542057037354,0.2779492735862732
0.36974048614501953,0.3714200556278229,0.3764975965023041,0.36170923709869385,0.389181524515152,0.3685441017150879
0.2505713105201721,0.3272879719734192,0.320375919342041,0.33225017786026,0.32776686549186707,0.2957095503807068
0.4141141176223755,0.3764374256134033,0.38400185108184814,0.4082607924938202,0.347453773021698,0.3885265588760376
0.33193665742874146,0.3163345158100128,0.3061336874961853,0.27176332473754883,0.3091365694999695,0.29142463207244873
0.37183353304862976,0.3783815801143646,0.37977543473243713,0.37960994243621826,0.3702648878097534,0.37901556491851807
0.24718862771987915,0.33838483691215515,0.35252049565315247,0.31205374002456665,0.3216148018836975,0.3125093877315521
0.4157094955444336,0.3780692517757416,0.336381733417511,0.37477385997772217,0.3813559114933014,0.3799594044685364
0.3270774483680725,0.31593605875968933,0.25896379351615906,0.29849863052368164,0.3042905628681183,0.29907315969467163
0.3725138008594513,0.38321274518966675,0.3479342460632324,0.3711784780025482,0.38301897048950195,0.3787204623222351
0.25000980496406555,0.3777322769165039,0.3063173294067383,0.3322102725505829,0.3319211006164551,0.3181341886520386
0.4111107885837555,0.36483532190322876,0.35714611411094666,0.37097299098968506,0.38889461755752563,0.38729146122932434
0.3098822832107544,0.29122233390808105,0.2748165726661682,0.30488190054893494,0.30031687021255493,0.2948971688747406
0.37034398317337036,0.3679361939430237,0.3560544550418854,0.36573103070259094,0.3899252712726593,0.38222724199295044
0.2427004873752594,0.3300110399723053,0.30884820222854614,0.3294663429260254,0.3521285057067871,0.3138476312160492
0.40376192331314087,0.3658912181854248,0.3618800640106201,0.3636895716190338,0.3640326261520386,0.3847370743751526
0.3080875873565674,0.31291496753692627,0.2904144823551178,0.3151004910469055,0.2675841450691223,0.3009893000125885
0.34523680806159973,0.4025076627731323,0.39022862911224365,0.4278147518634796,0.3966725170612335,0.4145851135253906
0.3255363702774048,0.3223426938056946,0.3033955693244934,0.2986302673816681,0.28946805000305176,0.309519499540329
0.42137742042541504,0.3724161982536316,0.3580000102519989,0.3183336853981018,0.3830567002296448,0.3868129849433899
0.2682725787162781,0.31906819343566895,0.29519176483154297,0.3040962219238281,0.28769028186798096,0.30002954602241516
0.3563842177391052,0.4361114501953125,0.3935955762863159,0.3666643798351288,0.4125879406929016,0.4164789319038391
0.30367332696914673,0.30329304933547974,0.29685330390930176,0.30873143672943115,0.2945457398891449,0.30115142464637756
0.392507940530777,0.3684452772140503,0.38282454013824463,0.40181878209114075,0.40373584628105164,0.4128754734992981
0.3422597050666809,0.30450305342674255,0.29694539308547974,0.2490406334400177,0.30158740282058716,0.3688496947288513
0.43107783794403076,0.36820340156555176,0.3791624903678894,0.3851662874221802,0.40246158838272095,0.35234981775283813
0.3837262690067291,0.3070712685585022,0.289026141166687,0.2672386169433594,0.29702305793762207,0.23822271823883057
0.3727589249610901,0.3743690252304077,0.3742271661758423,0.3711361885070801,0.39951688051223755,0.3581136465072632
0.2810165286064148,0.32873421907424927,0.3146899342536926,0.29952138662338257,0.34469446539878845,0.2759803533554077
0.4020540714263916,0.37006840109825134,0.3701171278953552,0.36565306782722473,0.3661347031593323,0.3677048683166504
0.3394331932067871,0.31180915236473083,0.29476675391197205,0.29320114850997925,0.2576494812965393,0.2729365825653076
0.36730051040649414,0.3777313232421875,0.36937159299850464,0.36400163173675537,0.3796120882034302,0.37067559361457825
0.26732781529426575,0.33447957038879395,0.3194572925567627,0.3175782263278961,0.31799906492233276,0.29360467195510864
0.40947312116622925,0.40983667969703674,0.3801253139972687,0.3696257174015045,0.33988267183303833,0.38839757442474365
0.29676353931427,0.3177942633628845,0.31184786558151245,0.3182847499847412,0.3125511407852173,0.29466670751571655
0.43468984961509705,0.34638696908950806,0.3703765273094177,0.398920476436615,0.35061708092689514,0.39079761505126953
0.3627755641937256,0.3023279905319214,0.29575279355049133,0.24894513189792633,0.2999442517757416,0.2834268808364868
0.38067731261253357,0.36211279034614563,0.368086576461792,0.37664520740509033,0.36781564354896545,0.3859966993331909
0.26319292187690735,0.3287961781024933,0.31512051820755005,0.2991369962692261,0.31604787707328796,0.3634973168373108
0.4223114252090454,0.3645547032356262,0.370785117149353,0.3759574294090271,0.37541207671165466,0.337581992149353
0.3440837264060974,0.3196107745170593,0.3017727732658386,0.29119256138801575,0.3072860538959503,0.24141845107078552
0.37516701221466064,0.3712739646434784,0.3700137734413147,0.3719305396080017,0.38350817561149597,0.3459157347679138
0.2614358961582184,0.3415520191192627,0.3267630934715271,0.31768038868904114,0.3521207571029663,0.27657395601272583
0.40491461753845215,0.36583730578422546,0.3686450719833374,0.36672651767730713,0.3539268970489502,0.355877161026001
0.32854747772216797,0.3217054605484009,0.3030364215373993,0.3060269355773926,0.26719433069229126,0.27152812480926514
0.36926478147506714,0.373470276594162,0.3665315806865692,0.36635884642601013,0.36906591057777405,0.3593018054962158
0.2575080990791321,0.3807538151741028,0.33261704444885254,0.3370005488395691,0.30982449650764465,0.298604816198349
0.404224693775177,0.35824376344680786,0.37131190299987793,0.367027223110199,0.37540385127067566,0.37051790952682495
0.3194774091243744,0.29721856117248535,0.2977830767631531,0.3073263168334961,0.2852150797843933,0.28171491622924805
0.3669925332069397,0.36583465337753296,0.36717984080314636,0.36348435282707214,0.37557440996170044,0.36610013246536255
0.2547657787799835,0.3314633369445801,0.32465946674346924,0.3325108289718628,0.33714747428894043,0.3005799651145935
0.3966364562511444,0.36150336265563965,0.3672444522380829,0.3620254397392273,0.35191449522972107,0.3704475164413452
0.321097195148468,0.3160693049430847,0.3071516156196594,0.31894853711128235,0.259115070104599,0.29174453020095825
0.36857014894485474,0.36697542667388916,0.36311638355255127,0.36057358980178833,0.3653813600540161,0.3659793436527252
0.2992839813232422,0.321857750415802,0.30972185730934143,0.32054489850997925,0.27769890427589417,0.29653429985046387
0.32697010040283203,0.4283110499382019,0.39901021122932434,0.39120805263519287,0.3985207974910736,0.40166956186294556
0.32215338945388794,0.3122243583202362,0.3111576437950134,0.3273801803588867,0.29038864374160767,0.2996711730957031
0.3730752468109131,0.3612061142921448,0.3861747682094574,0.4174754023551941,0.39271923899650574,0.4025791585445404
0.34347087144851685,0.31240612268447876,0.31159329414367676,0.294620156288147,0.29383331537246704,0.30582329630851746
0.442341148853302,0.3455761671066284,0.35687440633773804,0.31277281045913696,0.37868717312812805,0.3806803226470947
0.27515700459480286,0.3137019872665405,0.3058292865753174,0.3055722117424011,0.2941419184207916,0.30198025703430176
0.36134645342826843,0.41723471879959106,0.39284107089042664,0.3610072731971741,0.4084792733192444,0.4129706621170044
0.30815190076828003,0.2972482442855835,0.3050115704536438,0.31113535165786743,0.2976105809211731,0.2982420325279236
0.39659932255744934,0.3537614941596985,0.3825167417526245,0.39358723163604736,0.4004654884338379,0.4094567596912384
0.34693074226379395,0.302029550075531,0.3030605912208557,0.25274601578712463,0.3046300709247589,0.3684471845626831
0.4332280158996582,0.35226839780807495,0.37729349732398987,0.3807204067707062,0.3964579105377197,0.35162073373794556
0.39345288276672363,0.30453574657440186,0.2931516170501709,0.2681733965873718,0.2999628186225891,0.2417011857032776
0.3715127110481262,0.35912656784057617,0.37294235825538635,0.3670193552970886,0.3939815163612366,0.35534048080444336
0.2887461185455322,0.32813215255737305,0.32094115018844604,0.30519676208496094,0.34663206338882446,0.27945685386657715
0.4060928225517273,0.3570307791233063,0.36937257647514343,0.362432062625885,0.3596874177455902,0.3631541132926941
0.34705686569213867,0.30982157588005066,0.30192330479621887,0.29930421710014343,0.26054808497428894,0.27681660652160645
0.3686666488647461,0.36544573307037354,0.3657320737838745,0.3616412878036499,0.3737030327320099,0.3697761595249176
0.2704465985298157,0.33422160148620605,0.3237432837486267,0.32194647192955017,0.3232825994491577,0.2941548526287079
0.40776926279067993,0.3992808163166046,0.37698063254356384,0.36757391691207886,0.3335128426551819,0.3844188153743744
0.3394836187362671,0.27335458993911743,0.2945527136325836,0.30621984601020813,0.29478490352630615,0.2841687500476837
0.3673246502876282,0.383874773979187,0.3702086806297302,0.3589736223220825,0.35362160205841064,0.37968409061431885
0.2605271339416504,0.3511742353439331,0.3247436583042145,0.3375295400619507,0.32343590259552,0.3083842396736145
0.4030419588088989,0.3681798279285431,0.3755192458629608,0.36123141646385193,0.36381611227989197,0.38491231203079224
0.32768386602401733,0.27080902457237244,0.2902449369430542,0.31031668186187744,0.29736587405204773,0.2875576615333557
0.3661273717880249,0.3707394599914551,0.37029361724853516,0.35597532987594604,0.3656822443008423,0.38149458169937134
0.24816684424877167,0.30907201766967773,0.313937246799469,0.3405989110469818,0.31379562616348267,0.36694732308387756
0.40936073660850525,0.37172672152519226,0.3770121932029724,0.36501678824424744,0.37850499153137207,0.3388453722000122
0.33483871817588806,0.30653277039527893,0.3055729568004608,0.32570546865463257,0.3090565800666809,0.24843481183052063
0.36339110136032104,0.37315109372138977,0.3718273341655731,0.3587245047092438,0.3791976571083069,0.34946000576019287
0.256146103143692,0.33000725507736206,0.32957375049591064,0.3444581925868988,0.353182315826416,0.28421998023986816
0.3967173099517822,0.3689027726650238,0.36836737394332886,0.3568607270717621,0.35303109884262085,0.35480740666389465
0.31924718618392944,0.31022340059280396,0.309834748506546,0.32925307750701904,0.2727012634277344,0.2823863625526428
0.3296429514884949,0.4022378921508789,0.3939710259437561,0.4201977550983429,0.3842395544052124,0.389559805393219
0.33783918619155884,0.3205622732639313,0.32141923904418945,0.3083171844482422,0.29458802938461304,0.29775410890579224
0.4127412438392639,0.36848968267440796,0.3605763912200928,0.3103592097759247,0.37374362349510193,0.3645547032356262
0.28562042117118835,0.3192560076713562,0.3164365291595459,0.31565606594085693,0.2964968979358673,0.2939777970314026
0.34199461340904236,0.4348642826080322,0.3946579694747925,0.3591093420982361,0.4046081006526947,0.3955104649066925
0.3171006143093109,0.30130839347839355,0.3125244677066803,0.31907692551612854,0.30223673582077026,0.29693788290023804
0.37839436531066895,0.36432358622550964,0.38101962208747864,0.3920798599720001,0.39479658007621765,0.3925260901451111
0.3519740700721741,0.3038257956504822,0.3157832622528076,0.2575427293777466,0.34267908334732056,0.2994651198387146
0.4409378468990326,0.3433453142642975,0.3502101004123688,0.35028520226478577,0.3202698826789856,0.37040889263153076
0.295174777507782,0.3107970654964447,0.3139943480491638,0.2864471971988678,0.32623207569122314,0.3013778328895569
0.34966784715652466,0.3793458044528961,0.3750946819782257,0.367207407951355,0.3911612927913666,0.387833833694458
0.32125532627105713,0.3122735619544983,0.3169832229614258,0.2987271845340729,0.2885085940361023,0.30153292417526245
0.416688472032547,0.35290616750717163,0.3526800274848938,0.3466801643371582,0.3158329129219055,0.3713712990283966
0.2823513150215149,0.3170486092567444,0.31305795907974243,0.30662161111831665,0.30144059658050537,0.30483758449554443
0.34796297550201416,0.4196974039077759,0.3873738944530487,0.37381595373153687,0.3665226101875305,0.40126800537109375
0.31118977069854736,0.3024783134460449,0.31232571601867676,0.31386470794677734,0.3045041561126709,0.3060457408428192
0.38744255900382996,0.35764384269714355,0.37738388776779175,0.3988921046257019,0.36877232789993286,0.4009668231010437
0.34233975410461426,0.3039659857749939,0.3071984052658081,0.25733867287635803,0.30747854709625244,0.36580973863601685
0.42477062344551086,0.35635820031166077,0.37081456184387207,0.3835160434246063,0.36986249685287476,0.34464573860168457
0.3923758864402771,0.3074725568294525,0.303963303565979,0.2720504403114319,0.3053685426712036,0.2453453242778778
0.3649829030036926,0.361037015914917,0.36540931463241577,0.3671236038208008,0.37120795249938965,0.346133291721344
0.28786522150039673,0.3288603723049164,0.32854515314102173,0.3069065809249878,0.3486746847629547,0.2789389491081238
0.39690297842025757,0.3597046136856079,0.3629585802555084,0.36139369010925293,0.3394864797592163,0.3578827977180481
0.3500944972038269,0.31026673316955566,0.3070466220378876,0.29887714982032776,0.2662162482738495,0.27790379524230957
0.35769468545913696,0.36708077788352966,0.3625403642654419,0.3582243323326111,0.3524593710899353,0.36247164011001587
0.2724718451499939,0.37037092447280884,0.33383551239967346,0.3321686089038849,0.3057405352592468,0.3037545084953308
0.39050406217575073,0.3495200574398041,0.36691319942474365,0.3572402000427246,0.36114785075187683,0.36952418088912964
0.33471301198005676,0.28853392601013184,0.3016594350337982,0.30444619059562683,0.28559356927871704,0.28654196858406067
0.354239821434021,0.35758569836616516,0.36302170157432556,0.3542107939720154,0.36500459909439087,0.3683089017868042
0.2549780011177063,0.321610689163208,0.32017773389816284,0.3347002863883972,0.3044736981391907,0.36109015345573425
0.40104496479034424,0.3623182475566864,0.3728291690349579,0.3625718355178833,0.3756599426269531,0.326791912317276
0.33821356296539307,0.31329166889190674,0.3085440397262573,0.3228856027126312,0.30112603306770325,0.24553951621055603
0.356779545545578,0.36572837829589844,0.365766704082489,0.35787126421928406,0.37827134132385254,0.3395516276359558
0.2592567503452301,0.33553051948547363,0.32901012897491455,0.34251219034194946,0.342281311750412,0.28025931119918823
0.3990271985530853,0.3728293180465698,0.3715324103832245,0.39952605962753296,0.33267742395401,0.36649882793426514
0.2918751537799835,0.33295559883117676,0.3295648694038391,0.31036221981048584,0.32929128408432007,0.29402783513069153
0.43521931767463684,0.40278422832489014,0.37221765518188477,0.3200731873512268,0.35462892055511475,0.37246954441070557
0.3501090109348297,0.2581276297569275,0.2955392301082611,0.29193544387817383,0.3013651669025421,0.2811455726623535
0.3751859664916992,0.38781261444091797,0.36775892972946167,0.33246099948883057,0.3640187382698059,0.36694714426994324
0.25794893503189087,0.34125226736068726,0.32941243052482605,0.33147311210632324,0.32968592643737793,0.3045352101325989
0.41024208068847656,0.367017924785614,0.3690733313560486,0.3371044993400574,0.3681678771972656,0.3715440630912781
0.32409197092056274,0.2591755986213684,0.2941497564315796,0.30573153495788574,0.3025876581668854,0.2877066731452942
0.3679324686527252,0.3762205243110657,0.36667031049728394,0.33871397376060486,0.3736582100391388,0.3701857328414917
0.25121423602104187,0.3361058831214905,0.32595327496528625,0.33823657035827637,0.3276437520980835,0.306590735912323
0.41484734416007996,0.32981961965560913,0.3698239028453827,0.3789302408695221,0.37884005904197693,0.3831840455532074
0.32968729734420776,0.3072018623352051,0.307491660118103,0.26869797706604004,0.31422680616378784,0.2914851903915405
0.3717464804649353,0.3510569930076599,0.36862143874168396,0.35638195276260376,0.38015395402908325,0.3781120479106903
0.2534603476524353,0.32702213525772095,0.3289549946784973,0.30924174189567566,0.35367119312286377,0.3073388338088989
0.39775824546813965,0.3499743342399597,0.36184775829315186,0.350966215133667,0.35046836733818054,0.3766669034957886
0.3228965401649475,0.30610254406929016,0.3064645528793335,0.30173182487487793,0.26763784885406494,0.2994770407676697
0.3608589172363281,0.35881462693214417,0.3632637858390808,0.35193586349487305,0.3647279739379883,0.3737623691558838
0.24170136451721191,0.32713860273361206,0.3200340270996094,0.3290320336818695,0.29776185750961304,0.36713695526123047
0.4071913957595825,0.3616296350955963,0.3714262843132019,0.36130428314208984,0.37197548151016235,0.3304273188114166
0.32149288058280945,0.31877025961875916,0.3087352216243744,0.31854477524757385,0.2970045804977417,0.2495386302471161
0.35972684621810913,0.364357054233551,0.36548227071762085,0.35508182644844055,0.37510183453559875,0.34226861596107483
0.2483167052268982,0.339236319065094,0.3329235315322876,0.33692479133605957,0.34331250190734863,0.28237560391426086
0.3909931182861328,0.3632262945175171,0.36336103081703186,0.351592481136322,0.3473097085952759,0.35115575790405273
0.31199538707733154,0.31762009859085083,0.31029441952705383,0.3220229744911194,0.2624956965446472,0.27672529220581055
0.3274236023426056,0.39674022793769836,0.3923078775405884,0.4144722819328308,0.3880743384361267,0.3907141089439392
0.32958272099494934,0.32623445987701416,0.3216015696525574,0.2995237112045288,0.2873380780220032,0.29411745071411133
0.4051135182380676,0.3667171597480774,0.3613419234752655,0.30936819314956665,0.3711622357368469,0.3649051785469055
0.2811315059661865,0.3247401714324951,0.3156878650188446,0.3091801404953003,0.29126405715942383,0.2936195433139801
0.3342357873916626,0.4322265684604645,0.3945249915122986,0.35568055510520935,0.4018494784832001,0.39237838983535767
0.3095036745071411,0.30680495500564575,0.31152868270874023,0.3138485848903656,0.29560813307762146,0.293643593788147
0.3727048635482788,0.3600439429283142,0.38323384523391724,0.3851257860660553,0.3903326392173767,0.3933022916316986
0.34663277864456177,0.30785316228866577,0.3068583607673645,0.25200843811035156,0.3031875789165497,0.3551316261291504
0.41614317893981934,0.35836732387542725,0.37619808316230774,0.37160059809684753,0.3822745084762573,0.3317846655845642
0.38748306035995483,0.30755043029785156,0.2971925735473633,0.2674369812011719,0.2996962368488312,0.23585650324821472
0.3599169850349426,0.3646954298019409,0.36880171298980713,0.3560009002685547,0.3860638737678528,0.3445747494697571
0.2813754677772522,0.3292345404624939,0.32460832595825195,0.3036644458770752,0.34267815947532654,0.2694610357284546
0.38877373933792114,0.36198046803474426,0.36491066217422485,0.35083839297294617,0.35113659501075745,0.35175108909606934
0.3457794785499573,0.31202179193496704,0.3044382631778717,0.29811879992485046,0.2609494924545288,0.27100658416748047
0.35404345393180847,0.367057740688324,0.36526644229888916,0.3514636158943176,0.36578288674354553,0.35660648345947266
0.2707582116127014,0.3713102638721466,0.3283902406692505,0.3312646746635437,0.3013859987258911,0.299934983253479
0.3852497339248657,0.34987878799438477,0.3681248426437378,0.35262221097946167,0.3720361590385437,0.36242783069610596
0.33470672369003296,0.2869372069835663,0.29660171270370483,0.3038438856601715,0.28332144021987915,0.2833056151866913
0.35132354497909546,0.3572008013725281,0.36284932494163513,0.3497728109359741,0.3755491375923157,0.3608788549900055
0.2597047984600067,0.32231757044792175,0.32457900047302246,0.3282710909843445,0.33249416947364807,0.2997640073299408
0.3807210922241211,0.3554774522781372,0.3610188364982605,0.3486716151237488,0.34839481115341187,0.3633042573928833
0.32809698581695557,0.3053915500640869,0.3051985502243042,0.31491702795028687,0.25804412364959717,0.2892947196960449
0.35126420855522156,0.3617427945137024,0.36264514923095703,0.3489844501018524,0.36175036430358887,0.36234208941459656
0.25042498111724854,0.33083292841911316,0.34992629289627075,0.33648550510406494,0.2870366871356964,0.3140842914581299
0.39173588156700134,0.36377617716789246,0.32587409019470215,0.35422730445861816,0.37454718351364136,0.368801474571228
0.3308888077735901,0.31193190813064575,0.26167458295822144,0.32129859924316406,0.28339022397994995,0.3044878840446472
0.3541625142097473,0.36600181460380554,0.33605945110321045,0.3496749699115753,0.37529855966567993,0.3624298572540283
0.2532815933227539,0.33643507957458496,0.3041210472583771,0.3432910442352295,0.3298274874687195,0.3141322433948517
0.39501044154167175,0.37154197692871094,0.34909766912460327,0.39371031522750854,0.32975706458091736,0.38248109817504883
0.3397940993309021,0.3222713768482208,0.29477035999298096,0.27639007568359375,0.319316029548645,0.30734217166900635
0.3519224226474762,0.37324172258377075,0.35231807827949524,0.3686603307723999,0.35159581899642944,0.37480098009109497
0.24935273826122284,0.3381759226322174,0.3073672354221344,0.3165633976459503,0.323360800743103,0.37135881185531616
0.3972116708755493,0.37213820219039917,0.3632577657699585,0.3697674870491028,0.3612552881240845,0.33207404613494873
0.32641059160232544,0.32799577713012695,0.29688847064971924,0.3086945414543152,0.3149796426296234,0.25136598944664
0.3213040828704834,0.4290274679660797,0.38601818680763245,0.3900842070579529,0.39220190048217773,0.36768314242362976
0.33785098791122437,0.3103386461734772,0.29572373628616333,0.3166348934173584,0.3168983459472656,0.2689187526702881
0.39050889015197754,0.3311712145805359,0.3479161560535431,0.349047988653183,0.3608770966529846,0.34567791223526
0.2899571359157562,0.3157190978527069,0.3001630902290344,0.3199957609176636,0.3154246509075165,0.27743566036224365
0.3209376633167267,0.3812161982059479,0.38585734367370605,0.4195134937763214,0.3965843915939331,0.38290345668792725
0.3138999044895172,0.3180474638938904,0.3051997721195221,0.29001134634017944,0.31471890211105347,0.2875892221927643
0.372514545917511,0.4110533595085144,0.3828331232070923,0.34037071466445923,0.40056443214416504,0.38605228066444397
0.3329630494117737,0.2932634651660919,0.29496583342552185,0.2949904501438141,0.3124335706233978,0.2847723364830017
0.42256540060043335,0.32458245754241943,0.34623000025749207,0.321471631526947,0.3717072010040283,0.3645828366279602
0.28321653604507446,0.3051432967185974,0.30027276277542114,0.30702173709869385,0.31363341212272644,0.28564581274986267
0.3432396352291107,0.3644225001335144,0.37428438663482666,0.3511897623538971,0.4221363663673401,0.38224053382873535
0.30412551760673523,0.3057982325553894,0.2985680103302002,0.31321442127227783,0.27124589681625366,0.2808743119239807
0.3826662302017212,0.36920008063316345,0.3742537498474121,0.3904740810394287,0.35648518800735474,0.3938034474849701
0.3431524932384491,0.31094297766685486,0.2969067096710205,0.25384169816970825,0.28855404257774353,0.3456459045410156
0.41550976037979126,0.3636099696159363,0.370809406042099,0.37462303042411804,0.35671597719192505,0.331022173166275
0.3921603560447693,0.31041374802589417,0.29256653785705566,0.26787546277046204,0.2957289218902588,0.22993332147598267
0.3604046106338501,0.3641416132450104,0.36339515447616577,0.3597095310688019,0.3660293221473694,0.34868812561035156
0.2847023010253906,0.330962598323822,0.31835511326789856,0.3049611449241638,0.33377715945243835,0.26584988832473755
0.39549246430397034,0.36202824115753174,0.3606419861316681,0.3555122911930084,0.3344241976737976,0.3558425307273865
0.35675424337387085,0.3138921856880188,0.3009156584739685,0.2951977849006653,0.2600521743297577,0.26982447504997253
0.35858944058418274,0.3647776246070862,0.3581305146217346,0.3529350161552429,0.35008370876312256,0.354688435792923
0.2728741765022278,0.371493399143219,0.3258275091648102,0.3279600739479065,0.3012274503707886,0.29360491037368774
0.3895622193813324,0.3470890522003174,0.3617124557495117,0.35132426023483276,0.3584621250629425,0.3635934591293335
0.336163192987442,0.2874066233634949,0.2934674620628357,0.30422651767730713,0.28559166193008423,0.2757430970668793
0.35409098863601685,0.353705495595932,0.35869351029396057,0.34943363070487976,0.3623676002025604,0.36248618364334106
0.2508730888366699,0.3194696605205536,0.30877813696861267,0.32966041564941406,0.30226993560791016,0.3464975357055664
0.39119547605514526,0.3562232255935669,0.363139271736145,0.35865581035614014,0.36801010370254517,0.3187633752822876
0.3343384265899658,0.31095337867736816,0.2984134554862976,0.3156600892543793,0.2982959449291229,0.2325066179037094
0.3495636582374573,0.3628280460834503,0.36043015122413635,0.3542111814022064,0.3761292099952698,0.3372272253036499
0.2560828924179077,0.33393752574920654,0.32378050684928894,0.33648258447647095,0.3388989567756653,0.2680498957633972
0.38339316844940186,0.3586882948875427,0.35859930515289307,0.34866073727607727,0.34447091817855835,0.3452797532081604
0.32267194986343384,0.3144153952598572,0.3039429783821106,0.3229967951774597,0.261640727519989,0.2668275833129883
0.3208906054496765,0.39380452036857605,0.3882010877132416,0.41106247901916504,0.3838762640953064,0.3810962438583374
0.33700862526893616,0.320776104927063,0.3089815676212311,0.29858678579330444,0.27908918261528015,0.28249838948249817
0.3976529538631439,0.36222243309020996,0.3563278317451477,0.30710214376449585,0.3674625754356384,0.3590393662452698
0.28770577907562256,0.3211705684661865,0.3073289096355438,0.3109520375728607,0.2873924672603607,0.28338348865509033
0.32682064175605774,0.42699873447418213,0.38670188188552856,0.352446049451828,0.3963586091995239,0.3863326907157898
0.3139241933822632,0.3040568232536316,0.3064729571342468,0.3163672685623169,0.2932756245136261,0.2834678292274475
0.3643591105937958,0.3563060164451599,0.3770618438720703,0.38331836462020874,0.386120080947876,0.38692450523376465
0.3475821614265442,0.30580204725265503,0.3000885248184204,0.2532419264316559,0.2979453206062317,0.33976995944976807
0.44203290343284607,0.3489261865615845,0.36250537633895874,0.3542306125164032,0.377399206161499,0.28424501419067383
0.2804550528526306,0.3133416175842285,0.30227088928222656,0.2796451449394226,0.2983303666114807,0.317917138338089
0.34266477823257446,0.37032362818717957,0.3760373592376709,0.36828798055648804,0.386810302734375,0.37264981865882874
0.32620519399642944,0.33231621980667114,0.3194892406463623,0.30615726113319397,0.3423291742801666,0.22306957840919495
0.3787340521812439,0.3620333671569824,0.3676978349685669,0.3548165559768677,0.34518495202064514,0.3642805218696594
0.3675195574760437,0.31046974658966064,0.29949456453323364,0.29812732338905334,0.25803709030151367,0.24644635617733002
0.3427719473838806,0.3630542755126953,0.36071643233299255,0.35058048367500305,0.3592684268951416,0.35706162452697754
0.282573938369751,0.3737644851207733,0.328108549118042,0.3361700177192688,0.30317679047584534,0.28002506494522095
0.3737180233001709,0.34503769874572754,0.36343494057655334,0.34914007782936096,0.36643457412719727,0.3657810688018799
0.34516608715057373,0.28848639130592346,0.29602205753326416,0.30699536204338074,0.281771183013916,0.26361554861068726
0.33857858180999756,0.3538656532764435,0.35747891664505005,0.3475406765937805,0.37069132924079895,0.36355680227279663
0.2680504024028778,0.3241792321205139,0.3218785524368286,0.33176761865615845,0.32832157611846924,0.2825790047645569
0.3815225660800934,0.3592682480812073,0.36451685428619385,0.38707852363586426,0.3252333998680115,0.37946879863739014
0.30336761474609375,0.32831186056137085,0.32224470376968384,0.3028935194015503,0.3196934759616852,0.2933480441570282
0.41374725103378296,0.39278119802474976,0.36716407537460327,0.31006914377212524,0.34994077682495117,0.38215070962905884
0.36469393968582153,0.25954097509384155,0.29198163747787476,0.29096508026123047,0.29728448390960693,0.2822527587413788
0.3574981093406677,0.37672916054725647,0.35943475365638733,0.3252304196357727,0.3582729399204254,0.37290433049201965
0.26888900995254517,0.3408127427101135,0.3251984119415283,0.3289869427680969,0.3239477872848511,0.29905208945274353
0.39290133118629456,0.3585333824157715,0.3617810606956482,0.3298038840293884,0.36342525482177734,0.3801652193069458
0.33653515577316284,0.2612316310405731,0.2897663712501526,0.30214834213256836,0.3003062903881073,0.2823570668697357
0.35327571630477905,0.3652849793434143,0.3600598871707916,0.33283576369285583,0.36624473333358765,0.3769145607948303
0.2534664273262024,0.3013874888420105,0.3094998300075531,0.3362291157245636,0.3170936703681946,0.356606662273407
0.3956321179866791,0.36717963218688965,0.36994701623916626,0.3425184190273285,0.37170088291168213,0.33448612689971924
0.33445942401885986,0.2977784276008606,0.30100035667419434,0.3213097155094147,0.3106963038444519,0.23461367189884186
0.3486105799674988,0.3702201247215271,0.3631354868412018,0.3405611515045166,0.37849539518356323,0.3461945652961731
0.2532239556312561,0.324834406375885,0.32729214429855347,0.3432123064994812,0.3514638841152191,0.27244463562965393
0.38013941049575806,0.36532270908355713,0.358089417219162,0.33787038922309875,0.34604573249816895,0.3528234362602234
0.32315313816070557,0.30132126808166504,0.3028297424316406,0.3265441656112671,0.26690176129341125,0.26726019382476807
0.3136231303215027,0.399705708026886,0.38810330629348755,0.40126022696495056,0.38398441672325134,0.3886348009109497
0.34154441952705383,0.3123664855957031,0.31232041120529175,0.302691787481308,0.284385085105896,0.28045010566711426
0.39302629232406616,0.3657882809638977,0.3520648181438446,0.297486811876297,0.3637632727622986,0.36237412691116333
0.28710222244262695,0.3147987127304077,0.3080974519252777,0.3138361871242523,0.29145464301109314,0.28209221363067627
0.3226584792137146,0.42849791049957275,0.38433998823165894,0.34670430421829224,0.39677727222442627,0.39144206047058105
0.3153049349784851,0.29874086380004883,0.3057689666748047,0.3197336494922638,0.2978041172027588,0.2852775454521179
0.3591960370540619,0.36000069975852966,0.37529879808425903,0.3804062604904175,0.3867524266242981,0.392360657453537
0.34865832328796387,0.29993295669555664,0.3010759651660919,0.25556859374046326,0.29888227581977844,0.343893826007843
0.4364916980266571,0.35285282135009766,0.35886961221694946,0.3491063714027405,0.37812793254852295,0.28519678115844727
0.28237229585647583,0.3076706528663635,0.3049975037574768,0.2857552170753479,0.30043134093284607,0.31911587715148926
0.33623331785202026,0.3743395209312439,0.37176281213760376,0.36423811316490173,0.38454365730285645,0.3763255774974823
0.33577460050582886,0.3272412419319153,0.3201000690460205,0.3103235960006714,0.3462219536304474,0.22358590364456177
0.37651723623275757,0.36625543236732483,0.3616669774055481,0.3505665361881256,0.3441466689109802,0.36737188696861267
0.37130865454673767,0.3079299330711365,0.2998696565628052,0.30265116691589355,0.2609819173812866,0.24706938862800598
0.3382296562194824,0.36559104919433594,0.3565402626991272,0.34708696603775024,0.3595353662967682,0.3658987879753113
0.2707619071006775,0.330207884311676,0.31386154890060425,0.3271779417991638,0.29068315029144287,0.32655757665634155
0.39014822244644165,0.4117867350578308,0.37628650665283203,0.3610769510269165,0.3854374587535858,0.29006075859069824
0.30351370573043823,0.30591917037963867,0.3095828890800476,0.32481491565704346,0.29447031021118164,0.31023722887039185
0.4111965298652649,0.3459416627883911,0.36927661299705505,0.3879411518573761,0.3800274729728699,0.3175983428955078
0.369122713804245,0.2936553955078125,0.29582566022872925,0.25249671936035156,0.2914109230041504,0.29326215386390686
0.36089015007019043,0.35606032609939575,0.3599824607372284,0.3637428283691406,0.3765113651752472,0.3319995105266571
0.27370280027389526,0.32216137647628784,0.32141900062561035,0.29948264360427856,0.33568963408470154,0.3015420734882355
0.39511045813560486,0.3558068573474884,0.35779839754104614,0.35544663667678833,0.34540313482284546,0.3426250219345093
0.341617614030838,0.3041152358055115,0.3017513155937195,0.2930717468261719,0.2564517855644226,0.29345881938934326
